sequence1,sequence2
FLGVVFKLASKVFPAVFKKV,FLGVVFKSASKVFPAVFGKV
RRIKPRPPRLPRPRPK,RRIRPRPPRLPRPC
KWKSFLKTFKSAVKTVLHTALKAISS,KWKSFLKTFKSAEKTVLHTALKAISS
IAKIAGKIAKIAGKIAKIAGKIA,KIAGKIAKIAGKIA
LKKLLKLLKPLLKL,LKKLLKLPKKLLKL
GRFRRLRKKTRKRLKKIGKVLKWIPPIVGSIPLGCG,RFRRLRKKKRKRLKKI
FLYIVAKLLSGLL,FLPIEAKLLSGLL
GSKKPVPIIYCNRRTGKCQRF,GSKKPVPIIYTNRRTGKCQRM
LNALKKVFQGIHEAIKKI,GLNALKKVFQGFHEAIKLINNHVQ
GLFAVIKKVASVIG,GLFAVIKKVASVIGG
HKLGTLVNLAKKIL,HFLGTLVNLKKKIL
VRRFPWWAPFLRR,VRRFPWAAPFLRR
GWWRRTVAKVRK,GWARRTVAKVRK
LNLKALLAVAKKIL,LNLKKLLAVAKKI
GIWKTIKSMGKVFAGAILQNL,GIWKTIKSMGKVFAGKIKQNL
FIKKIIGALGKLF,FIHHIIGALGHLF
GSKKPVPIIYCNRRTGKCQRM,GSKKPVPIIYTNRRTGKCQRM
VRKPPYLPRPRWPRRIYNR,VDKPPYLPRPRPPRRIYNR
GIKKWLHSAKKFGKKFVKKIMNS,GIKKWLHSPKKFGKKFPKKIMNS
FSVTWRWWKWWKG,FPVTWGWWKWWKG
IGKLFKRIVERIRRFVRSFLRTLR,IGKLFKRIHLRIKRFLRELVRQLR
GLRWIWKIWRRL,ILRKPWRIWRR
GVLDNLKSAAKDLAGHLATKVIKKI,GVIDHLKGGAKDLAGHVATKVIKKI
GVGKKLWFALKKPLGLVKFFKLL,GVAKKLWIAAKKPAGAGSKFKLL
VRRFPWWYPFLRR,VRRFPAAWPFLRR
HFLGKLVNLAKKIL,HFLGTKVNLAKKIL
WKSYVRRWRSR,WKSDVRRWRSRY
GKLGPLLKIAAKVGSKLL,GLLGPLLKIAAKVGSNLL
GLLRGILGAGKKIVCGLSGLC,GILSGLLGAGKKIVCGLSGMC
DILIIVGGKQRKKRRR,DILIIVGGKERKKRRR
AGYLLGKINLKALAALAKKIL,AGYLLGKINLKPLAALAKKIL
IDWKKLLDAAKQIL,IDWKKLLDPAKQIL
GNNRPVYIPQPRPPHPRL,GNNRPVYIPQPRPHPRL
GIKKWLHKGKKFGKKFVKKIMNS,GIKKWLHSPKKFGKKFPKKIMNS
ASVVNKLTGGVAGLLK,AKVVNKLTGKVAGLLK
LGLFKKLLRLILKGFKL,LGLFLLLLRLILKGFKL
GFFKKAKRKVKKAFRRVL,GFFKKAKRKVKKAG
GCKKYRRFRWKFKGKLFLFG,GKKYRRFWKFKGKWFWFWG
GLFAIIKKIAESF,GLFDIAKKIAESF
VKRFKKFFRKLKKSV,LVKRFKKFFRKLKKSVK
FLGGLIKIVPAMICAVTKKC,FLGGLIKPVPAMICAVRKKC
LNLKKLLKVAKKIL,LNLKKLLAVAKKI
FLGGLMKAFPALICAVTKKC,FLGGLIKRVPAMICAVRKKC
GIMDTVKNAAKDLAGQLLDKLKCRITGC,GIMDTIKGAAKDLAGQLLDKLKCKITKC
ILGTILGLLKGL,ILGTIPGLLKGL
FFSLIPKLVKGLISAFK,FFSLIPSLVGGLISAFK
KFFKRLLKSVRRAVKKFRKKPRLIGLSTLL,AFFARLLASVRAAVKAFAKKPRLIGLSTLL
SPRVCIRVCRNGVCYRRCWG,SPRVAIRVARNGVAYRRAWG
FLPIIAGLAAKFLPKIFCKITKKC,FLPLIAGVAANFLPKIFCLISKKC
FWGALAKGALKLIPSLFSSFSKKD,FWGALAKGALKLIVGSLFSSFSKKD
FLGVVFKSASKVFPAVFGKV,FLGVVFKLASKVFPAVFKKV
RRIRPRPPRLPRPC,RRIKPRPPRLPRPRPK
KWKSFLKTFKSAEKTVLHTALKAISS,KWKSFLKTFKSAVKTVLHTALKAISS
KIAGKIAKIAGKIA,IAKIAGKIAKIAGKIAKIAGKIA
LKKLLKLPKKLLKL,LKKLLKLLKPLLKL
RFRRLRKKKRKRLKKI,GRFRRLRKKTRKRLKKIGKVLKWIPPIVGSIPLGCG
FLPIEAKLLSGLL,FLYIVAKLLSGLL
GSKKPVPIIYTNRRTGKCQRM,GSKKPVPIIYCNRRTGKCQRF
GLNALKKVFQGFHEAIKLINNHVQ,LNALKKVFQGIHEAIKKI
GLFAVIKKVASVIGG,GLFAVIKKVASVIG
HFLGTLVNLKKKIL,HKLGTLVNLAKKIL
VRRFPWAAPFLRR,VRRFPWWAPFLRR
GWARRTVAKVRK,GWWRRTVAKVRK
LNLKKLLAVAKKI,LNLKALLAVAKKIL
GIWKTIKSMGKVFAGKIKQNL,GIWKTIKSMGKVFAGAILQNL
FIHHIIGALGHLF,FIKKIIGALGKLF
GSKKPVPIIYTNRRTGKCQRM,GSKKPVPIIYCNRRTGKCQRM
VDKPPYLPRPRPPRRIYNR,VRKPPYLPRPRWPRRIYNR
GIKKWLHSPKKFGKKFPKKIMNS,GIKKWLHSAKKFGKKFVKKIMNS
FPVTWGWWKWWKG,FSVTWRWWKWWKG
IGKLFKRIHLRIKRFLRELVRQLR,IGKLFKRIVERIRRFVRSFLRTLR
ILRKPWRIWRR,GLRWIWKIWRRL
GVIDHLKGGAKDLAGHVATKVIKKI,GVLDNLKSAAKDLAGHLATKVIKKI
GVAKKLWIAAKKPAGAGSKFKLL,GVGKKLWFALKKPLGLVKFFKLL
VRRFPAAWPFLRR,VRRFPWWYPFLRR
HFLGTKVNLAKKIL,HFLGKLVNLAKKIL
WKSDVRRWRSRY,WKSYVRRWRSR
GLLGPLLKIAAKVGSNLL,GKLGPLLKIAAKVGSKLL
GILSGLLGAGKKIVCGLSGMC,GLLRGILGAGKKIVCGLSGLC
DILIIVGGKERKKRRR,DILIIVGGKQRKKRRR
AGYLLGKINLKPLAALAKKIL,AGYLLGKINLKALAALAKKIL
IDWKKLLDPAKQIL,IDWKKLLDAAKQIL
GNNRPVYIPQPRPHPRL,GNNRPVYIPQPRPPHPRL
GIKKWLHSPKKFGKKFPKKIMNS,GIKKWLHKGKKFGKKFVKKIMNS
AKVVNKLTGKVAGLLK,ASVVNKLTGGVAGLLK
LGLFLLLLRLILKGFKL,LGLFKKLLRLILKGFKL
GFFKKAKRKVKKAG,GFFKKAKRKVKKAFRRVL
GKKYRRFWKFKGKWFWFWG,GCKKYRRFRWKFKGKLFLFG
GLFDIAKKIAESF,GLFAIIKKIAESF
LVKRFKKFFRKLKKSVK,VKRFKKFFRKLKKSV
FLGGLIKPVPAMICAVRKKC,FLGGLIKIVPAMICAVTKKC
LNLKKLLAVAKKI,LNLKKLLKVAKKIL
FLGGLIKRVPAMICAVRKKC,FLGGLMKAFPALICAVTKKC
GIMDTIKGAAKDLAGQLLDKLKCKITKC,GIMDTVKNAAKDLAGQLLDKLKCRITGC
ILGTIPGLLKGL,ILGTILGLLKGL
FFSLIPSLVGGLISAFK,FFSLIPKLVKGLISAFK
AFFARLLASVRAAVKAFAKKPRLIGLSTLL,KFFKRLLKSVRRAVKKFRKKPRLIGLSTLL
SPRVAIRVARNGVAYRRAWG,SPRVCIRVCRNGVCYRRCWG
FLPLIAGVAANFLPKIFCLISKKC,FLPIIAGLAAKFLPKIFCKITKKC
FWGALAKGALKLIVGSLFSSFSKKD,FWGALAKGALKLIPSLFSSFSKKD
