variant	sequence	Prediction	Probability_score	MIC
ampeppy	AFFARLLASVRAAVKAFAKKPRLIGLSTLL	AMP	0.8822916746139526	
ampeppy	AGYLLGKINLKALAALAKKIL	AMP	0.962499976158142	
ampeppy	AGYLLGKINLKPLAALAKKIL	AMP	0.920312523841858	
ampeppy	AKVVNKLTGKVAGLLK	AMP	0.7645832896232605	
ampeppy	ASVVNKLTGGVAGLLK	AMP	0.5958333611488342	
ampeppy	DILIIVGGKERKKRRR	AMP	0.5494791865348816	
ampeppy	DILIIVGGKQRKKRRR	AMP	0.5869792103767395	
ampeppy	FFSLIPKLVKGLISAFK	AMP	0.8768750429153442	
ampeppy	FFSLIPSLVGGLISAFK	AMP	0.96875	
ampeppy	FIHHIIGALGHLF	AMP	0.6417708396911621	
ampeppy	FIKKIIGALGKLF	AMP	0.7670833468437195	
ampeppy	FLGGLIKIVPAMICAVTKKC	AMP	1.0	
ampeppy	FLGGLIKPVPAMICAVRKKC	AMP	0.9854167103767396	
ampeppy	FLGGLIKRVPAMICAVRKKC	AMP	0.9786458015441896	
ampeppy	FLGGLMKAFPALICAVTKKC	AMP	0.996874988079071	
ampeppy	FLGVVFKLASKVFPAVFKKV	AMP	0.9479166865348816	
ampeppy	FLGVVFKSASKVFPAVFGKV	AMP	0.9235416650772096	
ampeppy	FLPIEAKLLSGLL	AMP	0.5653868913650513	
ampeppy	FLPIIAGLAAKFLPKIFCKITKKC	AMP	0.9168750047683716	
ampeppy	FLPLIAGVAANFLPKIFCLISKKC	AMP	0.8956249356269836	
ampeppy	FLYIVAKLLSGLL	AMP	0.7542708516120911	
ampeppy	FPVTWGWWKWWKG	AMP	0.8037500381469727	
ampeppy	FSVTWRWWKWWKG	AMP	0.7774255871772766	
ampeppy	FWGALAKGALKLIPSLFSSFSKKD	AMP	0.5766815543174744	
ampeppy	GCKKYRRFRWKFKGKLFLFG	AMP	0.7529314756393433	
ampeppy	GFFKKAKRKVKKAFRRVL	AMP	0.8520833849906921	
ampeppy	GFFKKAKRKVKKAG	AMP	0.6259375214576721	
ampeppy	GIKKWLHKGKKFGKKFVKKIMNS	AMP	0.846666693687439	
ampeppy	GIKKWLHSAKKFGKKFVKKIMNS	AMP	0.8239583969116211	
ampeppy	GIKKWLHSPKKFGKKFPKKIMNS	AMP	0.8802083134651184	
ampeppy	GILSGLLGAGKKIVCGLSGMC	AMP	0.964062511920929	
ampeppy	GIMDTIKGAAKDLAGQLLDKLKCKITKC	AMP	0.8835417032241821	
ampeppy	GIMDTVKNAAKDLAGQLLDKLKCRITGC	AMP	0.981249988079071	
ampeppy	GIWKTIKSMGKVFAGAILQNL	AMP	0.8058333396911621	
ampeppy	GIWKTIKSMGKVFAGKIKQNL	AMP	0.8265625238418579	
ampeppy	GKKYRRFWKFKGKWFWFWG	AMP	0.5788542032241821	
ampeppy	GKLGPLLKIAAKVGSKLL	AMP	0.8489583134651184	
ampeppy	GLFAIIKKIAESF	AMP	0.7692708373069763	
ampeppy	GLFAVIKKVASVIG	AMP	0.7045833468437195	
ampeppy	GLFAVIKKVASVIGG	AMP	0.6148958206176758	
ampeppy	GLFDIAKKIAESF	AMP	0.7890625	
ampeppy	GLLGPLLKIAAKVGSNLL	AMP	0.9441667795181274	
ampeppy	GLLRGILGAGKKIVCGLSGLC	AMP	0.8097596168518066	
ampeppy	GLNALKKVFQGFHEAIKLINNHVQ	AMP	0.9360416531562804	
ampeppy	GLRWIWKIWRRL	AMP	0.8443750143051147	
ampeppy	GNNRPVYIPQPRPHPRL	AMP	0.7760416865348816	
ampeppy	GRFRRLRKKTRKRLKKIGKVLKWIPPIVGSIPLGCG	AMP	0.90625	
ampeppy	GSKKPVPIIYCNRRTGKCQRF	AMP	0.8442708849906921	
ampeppy	GSKKPVPIIYCNRRTGKCQRM	AMP	0.918749988079071	
ampeppy	GSKKPVPIIYTNRRTGKCQRM	AMP	0.8619791269302368	
ampeppy	GVAKKLWIAAKKPAGAGSKFKLL	AMP	0.8130208849906921	
ampeppy	GVGKKLWFALKKPLGLVKFFKLL	AMP	0.8806249499320984	
ampeppy	GVIDHLKGGAKDLAGHVATKVIKKI	AMP	0.92291659116745	
ampeppy	GVLDNLKSAAKDLAGHLATKVIKKI	AMP	0.8333333134651184	
ampeppy	GWARRTVAKVRK	AMP	0.7838541865348816	
ampeppy	GWWRRTVAKVRK	AMP	0.7671874761581421	
ampeppy	HFLGKLVNLAKKIL	AMP	0.8737500309944153	
ampeppy	HFLGTKVNLAKKIL	AMP	0.8670833706855774	
ampeppy	HFLGTLVNLKKKIL	AMP	0.7898958325386047	
ampeppy	HKLGTLVNLAKKIL	AMP	0.5637500286102295	
ampeppy	IAKIAGKIAKIAGKIAKIAGKIA	AMP	0.9094792604446412	
ampeppy	IDWKKLLDAAKQIL	AMP	0.887499988079071	
ampeppy	IDWKKLLDPAKQIL	AMP	0.6376562714576721	
ampeppy	IGKLFKRIHLRIKRFLRELVRQLR	AMP	0.5845834016799927	
ampeppy	IGKLFKRIVERIRRFVRSFLRTLR	AMP	0.7031993865966797	
ampeppy	ILGTILGLLKGL	AMP	0.5083333253860474	
ampeppy	ILGTIPGLLKGL	AMP	0.5153124928474426	
ampeppy	ILRKPWRIWRR	AMP	0.6458333134651184	
ampeppy	KFFKRLLKSVRRAVKKFRKKPRLIGLSTLL	AMP	0.8447917103767395	
ampeppy	KIAGKIAKIAGKIA	AMP	0.8615625500679016	
ampeppy	KWKSFLKTFKSAEKTVLHTALKAISS	AMP	0.7104166746139526	
ampeppy	KWKSFLKTFKSAVKTVLHTALKAISS	AMP	0.8485416173934937	
ampeppy	LGLFKKLLRLILKGFKL	AMP	0.7727083563804626	
ampeppy	LGLFLLLLRLILKGFKL	AMP	0.7977083325386047	
ampeppy	LKKLLKLLKPLLKL	AMP	0.64104163646698	
ampeppy	LKKLLKLPKKLLKL	AMP	0.71895831823349	
ampeppy	LNALKKVFQGIHEAIKKI	AMP	0.628125011920929	
ampeppy	LNLKALLAVAKKIL	non-AMP	0.2588541805744171	
ampeppy	LNLKKLLAVAKKI	AMP	0.5338541865348816	
ampeppy	LNLKKLLKVAKKIL	non-AMP	0.4332291483879089	
ampeppy	LVKRFKKFFRKLKKSVK	AMP	0.7195833325386047	
ampeppy	RFRRLRKKKRKRLKKI	AMP	0.8687499761581421	
ampeppy	RRIKPRPPRLPRPRPK	AMP	0.637499988079071	
ampeppy	RRIRPRPPRLPRPC	AMP	0.6027083396911621	
ampeppy	SPRVAIRVARNGVAYRRAWG	AMP	0.6945832967758179	
ampeppy	SPRVCIRVCRNGVCYRRCWG	AMP	0.7971874475479126	
ampeppy	VDKPPYLPRPRPPRRIYNR	AMP	0.7044790983200073	
ampeppy	VKRFKKFFRKLKKSV	AMP	0.65666663646698	
ampeppy	VRKPPYLPRPRWPRRIYNR	AMP	0.668749988079071	
ampeppy	VRRFPAAWPFLRR	AMP	0.7262499928474426	
ampeppy	VRRFPWAAPFLRR	AMP	0.7562500238418579	
ampeppy	VRRFPWWAPFLRR	AMP	0.7515624761581421	
ampeppy	VRRFPWWYPFLRR	AMP	0.8139583468437195	
ampeppy	WKSDVRRWRSRY	AMP	0.515625	
ampeppy	WKSYVRRWRSR	AMP	0.550208330154419	
amplify	AFFARLLASVRAAVKAFAKKPRLIGLSTLL	AMP	0.9177133	
amplify	AGYLLGKINLKALAALAKKIL	AMP	0.999047	
amplify	AGYLLGKINLKPLAALAKKIL	AMP	0.9974996	
amplify	AKVVNKLTGKVAGLLK	AMP	0.78903925	
amplify	ASVVNKLTGGVAGLLK	AMP	0.5330448	
amplify	DILIIVGGKERKKRRR	non-AMP	0.3122229	
amplify	DILIIVGGKQRKKRRR	AMP	0.63291913	
amplify	FFSLIPKLVKGLISAFK	AMP	0.999887	
amplify	FFSLIPSLVGGLISAFK	AMP	0.9996559	
amplify	FIHHIIGALGHLF	AMP	0.9972944	
amplify	FIKKIIGALGKLF	AMP	0.9972488	
amplify	FLGGLIKIVPAMICAVTKKC	AMP	0.99999017	
amplify	FLGGLIKPVPAMICAVRKKC	AMP	0.99998826	
amplify	FLGGLIKRVPAMICAVRKKC	AMP	0.9999934	
amplify	FLGGLMKAFPALICAVTKKC	AMP	0.99995285	
amplify	FLGVVFKLASKVFPAVFKKV	AMP	0.9999558	
amplify	FLGVVFKSASKVFPAVFGKV	AMP	0.9981366	
amplify	FLPIEAKLLSGLL	AMP	0.95508933	
amplify	FLPIIAGLAAKFLPKIFCKITKKC	AMP	0.9999981	
amplify	FLPLIAGVAANFLPKIFCLISKKC	AMP	0.9999946	
amplify	FLYIVAKLLSGLL	AMP	0.99333346	
amplify	FPVTWGWWKWWKG	AMP	0.9935812	
amplify	FSVTWRWWKWWKG	AMP	0.9149659	
amplify	FWGALAKGALKLIPSLFSSFSKKD	AMP	0.999635	
amplify	GCKKYRRFRWKFKGKLFLFG	AMP	0.98771775	
amplify	GFFKKAKRKVKKAFRRVL	AMP	0.9999925	
amplify	GFFKKAKRKVKKAG	AMP	0.99971074	
amplify	GIKKWLHKGKKFGKKFVKKIMNS	AMP	0.999999	
amplify	GIKKWLHSAKKFGKKFVKKIMNS	AMP	0.9999936	
amplify	GIKKWLHSPKKFGKKFPKKIMNS	AMP	0.9999256	
amplify	GILSGLLGAGKKIVCGLSGMC	AMP	0.9999992	
amplify	GIMDTIKGAAKDLAGQLLDKLKCKITKC	AMP	0.99999994	
amplify	GIMDTVKNAAKDLAGQLLDKLKCRITGC	AMP	0.9999995	
amplify	GIWKTIKSMGKVFAGAILQNL	AMP	0.9998844	
amplify	GIWKTIKSMGKVFAGKIKQNL	AMP	0.9999396	
amplify	GKKYRRFWKFKGKWFWFWG	AMP	0.99978065	
amplify	GKLGPLLKIAAKVGSKLL	AMP	0.9940443	
amplify	GLFAIIKKIAESF	AMP	0.99779975	
amplify	GLFAVIKKVASVIG	AMP	0.99991655	
amplify	GLFAVIKKVASVIGG	AMP	0.9999625	
amplify	GLFDIAKKIAESF	AMP	0.9999825	
amplify	GLLGPLLKIAAKVGSNLL	AMP	0.99461794	
amplify	GLLRGILGAGKKIVCGLSGLC	AMP	0.9999982	
amplify	GLNALKKVFQGFHEAIKLINNHVQ	AMP	0.9939335	
amplify	GLRWIWKIWRRL	AMP	0.9999435	
amplify	GNNRPVYIPQPRPHPRL	AMP	0.99673986	
amplify	GRFRRLRKKTRKRLKKIGKVLKWIPPIVGSIPLGCG	AMP	0.99988526	
amplify	GSKKPVPIIYCNRRTGKCQRF	AMP	0.99937725	
amplify	GSKKPVPIIYCNRRTGKCQRM	AMP	0.9983047	
amplify	GSKKPVPIIYTNRRTGKCQRM	AMP	0.99603754	
amplify	GVAKKLWIAAKKPAGAGSKFKLL	AMP	0.9995128	
amplify	GVGKKLWFALKKPLGLVKFFKLL	AMP	0.9998563	
amplify	GVIDHLKGGAKDLAGHVATKVIKKI	AMP	0.9999919	
amplify	GVLDNLKSAAKDLAGHLATKVIKKI	AMP	0.9999498	
amplify	GWARRTVAKVRK	AMP	0.882619	
amplify	GWWRRTVAKVRK	AMP	0.98854214	
amplify	HFLGKLVNLAKKIL	AMP	0.9999941	
amplify	HFLGTKVNLAKKIL	AMP	0.9997285	
amplify	HFLGTLVNLKKKIL	AMP	0.999932	
amplify	HKLGTLVNLAKKIL	AMP	0.99850464	
amplify	IAKIAGKIAKIAGKIAKIAGKIA	AMP	0.99978614	
amplify	IDWKKLLDAAKQIL	AMP	0.838446	
amplify	IDWKKLLDPAKQIL	AMP	0.73911005	
amplify	IGKLFKRIHLRIKRFLRELVRQLR	AMP	0.99884474	
amplify	IGKLFKRIVERIRRFVRSFLRTLR	AMP	0.9987707	
amplify	ILGTILGLLKGL	AMP	0.9978965	
amplify	ILGTIPGLLKGL	AMP	0.9856564	
amplify	ILRKPWRIWRR	AMP	0.9995991	
amplify	KFFKRLLKSVRRAVKKFRKKPRLIGLSTLL	AMP	0.9997159	
amplify	KIAGKIAKIAGKIA	AMP	0.9945795	
amplify	KWKSFLKTFKSAEKTVLHTALKAISS	AMP	0.9991758	
amplify	KWKSFLKTFKSAVKTVLHTALKAISS	AMP	0.99996585	
amplify	LGLFKKLLRLILKGFKL	AMP	0.9997746	
amplify	LGLFLLLLRLILKGFKL	AMP	0.8745152	
amplify	LKKLLKLLKPLLKL	AMP	0.9890764	
amplify	LKKLLKLPKKLLKL	AMP	0.9964684	
amplify	LNALKKVFQGIHEAIKKI	AMP	0.99912226	
amplify	LNLKALLAVAKKIL	AMP	0.8651787	
amplify	LNLKKLLAVAKKI	AMP	0.8537448	
amplify	LNLKKLLKVAKKIL	AMP	0.9772412	
amplify	LVKRFKKFFRKLKKSVK	AMP	0.99360335	
amplify	RFRRLRKKKRKRLKKI	AMP	0.99982333	
amplify	RRIKPRPPRLPRPRPK	AMP	0.9967305	
amplify	RRIRPRPPRLPRPC	AMP	0.99638015	
amplify	SPRVAIRVARNGVAYRRAWG	AMP	0.7340446	
amplify	SPRVCIRVCRNGVCYRRCWG	AMP	0.99913895	
amplify	VDKPPYLPRPRPPRRIYNR	AMP	0.99758184	
amplify	VKRFKKFFRKLKKSV	AMP	0.9932902	
amplify	VRKPPYLPRPRWPRRIYNR	AMP	0.99789304	
amplify	VRRFPAAWPFLRR	AMP	0.76902944	
amplify	VRRFPWAAPFLRR	AMP	0.8027052	
amplify	VRRFPWWAPFLRR	AMP	0.9625078	
amplify	VRRFPWWYPFLRR	AMP	0.84039634	
amplify	WKSDVRRWRSRY	non-AMP	0.01965364	
amplify	WKSYVRRWRSR	non-AMP	0.3513658	
ampredictor	AFFARLLASVRAAVKAFAKKPRLIGLSTLL			21.025042
ampredictor	AGYLLGKINLKALAALAKKIL			7.133252
ampredictor	AGYLLGKINLKPLAALAKKIL			10.158147
ampredictor	AKVVNKLTGKVAGLLK			22.196037
ampredictor	ASVVNKLTGGVAGLLK			3.3432024
ampredictor	DILIIVGGKERKKRRR			58.448784
ampredictor	DILIIVGGKQRKKRRR			48.01845
ampredictor	FFSLIPKLVKGLISAFK			8.542139
ampredictor	FFSLIPSLVGGLISAFK			59.710842
ampredictor	FIHHIIGALGHLF			39.334816
ampredictor	FIKKIIGALGKLF			15.181321
ampredictor	FLGGLIKIVPAMICAVTKKC			22.152615
ampredictor	FLGGLIKPVPAMICAVRKKC			24.794115
ampredictor	FLGGLIKRVPAMICAVRKKC			9.80379
ampredictor	FLGGLMKAFPALICAVTKKC			17.401617
ampredictor	FLGVVFKLASKVFPAVFKKV			27.245401
ampredictor	FLGVVFKSASKVFPAVFGKV			110.61365
ampredictor	FLPIEAKLLSGLL			20.079525
ampredictor	FLPIIAGLAAKFLPKIFCKITKKC			6.447903
ampredictor	FLPLIAGVAANFLPKIFCLISKKC			19.192492
ampredictor	FLYIVAKLLSGLL			130.95186
ampredictor	FPVTWGWWKWWKG			30.592436
ampredictor	FSVTWRWWKWWKG			10.22758
ampredictor	FWGALAKGALKLIPSLFSSFSKKD			13.106884
ampredictor	GCKKYRRFRWKFKGKLFLFG			13.426814
ampredictor	GFFKKAKRKVKKAFRRVL			16.63495
ampredictor	GFFKKAKRKVKKAG			73.086876
ampredictor	GIKKWLHKGKKFGKKFVKKIMNS			3.2626934
ampredictor	GIKKWLHSAKKFGKKFVKKIMNS			2.4375877
ampredictor	GIKKWLHSPKKFGKKFPKKIMNS			15.168305
ampredictor	GILSGLLGAGKKIVCGLSGMC			14.223327
ampredictor	GIMDTIKGAAKDLAGQLLDKLKCKITKC			36.137928
ampredictor	GIMDTVKNAAKDLAGQLLDKLKCRITGC			51.41187
ampredictor	GIWKTIKSMGKVFAGAILQNL			6.170574
ampredictor	GIWKTIKSMGKVFAGKIKQNL			13.545184
ampredictor	GKKYRRFWKFKGKWFWFWG			123.84924
ampredictor	GKLGPLLKIAAKVGSKLL			7.664668
ampredictor	GLFAIIKKIAESF			71.61344
ampredictor	GLFAVIKKVASVIG			45.745228
ampredictor	GLFAVIKKVASVIGG			79.50388
ampredictor	GLFDIAKKIAESF			90.68613
ampredictor	GLLGPLLKIAAKVGSNLL			21.217403
ampredictor	GLLRGILGAGKKIVCGLSGLC			13.432922
ampredictor	GLNALKKVFQGFHEAIKLINNHVQ			20.182432
ampredictor	GLRWIWKIWRRL			3.551326
ampredictor	GNNRPVYIPQPRPHPRL			76.38362
ampredictor	GRFRRLRKKTRKRLKKIGKVLKWIPPIVGSIPLGCG			0.8239833
ampredictor	GSKKPVPIIYCNRRTGKCQRF			18.362856
ampredictor	GSKKPVPIIYCNRRTGKCQRM			10.998569
ampredictor	GSKKPVPIIYTNRRTGKCQRM			22.546541
ampredictor	GVAKKLWIAAKKPAGAGSKFKLL			17.09298
ampredictor	GVGKKLWFALKKPLGLVKFFKLL			2.222771
ampredictor	GVIDHLKGGAKDLAGHVATKVIKKI			66.10785
ampredictor	GVLDNLKSAAKDLAGHLATKVIKKI			10.322131
ampredictor	GWARRTVAKVRK			67.31491
ampredictor	GWWRRTVAKVRK			41.12332
ampredictor	HFLGKLVNLAKKIL			7.7059865
ampredictor	HFLGTKVNLAKKIL			92.517334
ampredictor	HFLGTLVNLKKKIL			101.727844
ampredictor	HKLGTLVNLAKKIL			6.030677
ampredictor	IAKIAGKIAKIAGKIAKIAGKIA			2.0174797
ampredictor	IDWKKLLDAAKQIL			5.5446234
ampredictor	IDWKKLLDPAKQIL			17.181622
ampredictor	IGKLFKRIHLRIKRFLRELVRQLR			3.9640455
ampredictor	IGKLFKRIVERIRRFVRSFLRTLR			4.8160434
ampredictor	ILGTILGLLKGL			24.523457
ampredictor	ILGTIPGLLKGL			126.3986
ampredictor	ILRKPWRIWRR			18.606054
ampredictor	KFFKRLLKSVRRAVKKFRKKPRLIGLSTLL			1.5419313
ampredictor	KIAGKIAKIAGKIA			124.3831
ampredictor	KWKSFLKTFKSAEKTVLHTALKAISS			2.0368352
ampredictor	KWKSFLKTFKSAVKTVLHTALKAISS			0.4368396
ampredictor	LGLFKKLLRLILKGFKL			10.316135
ampredictor	LGLFLLLLRLILKGFKL			30.864815
ampredictor	LKKLLKLLKPLLKL			10.834848
ampredictor	LKKLLKLPKKLLKL			13.917325
ampredictor	LNALKKVFQGIHEAIKKI			23.77636
ampredictor	LNLKALLAVAKKIL			7.139399
ampredictor	LNLKKLLAVAKKI			12.010926
ampredictor	LNLKKLLKVAKKIL			4.049811
ampredictor	LVKRFKKFFRKLKKSVK			15.95663
ampredictor	RFRRLRKKKRKRLKKI			69.93153
ampredictor	RRIKPRPPRLPRPRPK			2.5363655
ampredictor	RRIRPRPPRLPRPC			55.41842
ampredictor	SPRVAIRVARNGVAYRRAWG			6.6326847
ampredictor	SPRVCIRVCRNGVCYRRCWG			3.853502
ampredictor	VDKPPYLPRPRPPRRIYNR			11.948874
ampredictor	VKRFKKFFRKLKKSV			17.570253
ampredictor	VRKPPYLPRPRWPRRIYNR			7.1543417
ampredictor	VRRFPAAWPFLRR			30.017189
ampredictor	VRRFPWAAPFLRR			28.247473
ampredictor	VRRFPWWAPFLRR			19.60353
ampredictor	VRRFPWWYPFLRR			12.133176
ampredictor	WKSDVRRWRSRY			41.3864
ampredictor	WKSYVRRWRSR			30.906288
ampredmfa	AFFARLLASVRAAVKAFAKKPRLIGLSTLL	AMP	0.99991214	
ampredmfa	AGYLLGKINLKALAALAKKIL	AMP	0.99999964	
ampredmfa	AGYLLGKINLKPLAALAKKIL	AMP	0.99999964	
ampredmfa	AKVVNKLTGKVAGLLK	AMP	0.99999964	
ampredmfa	ASVVNKLTGGVAGLLK	AMP	0.9999976	
ampredmfa	DILIIVGGKERKKRRR	AMP	0.9999981	
ampredmfa	DILIIVGGKQRKKRRR	AMP	0.9999974	
ampredmfa	FFSLIPKLVKGLISAFK	AMP	0.99999976	
ampredmfa	FFSLIPSLVGGLISAFK	AMP	0.99999917	
ampredmfa	FIHHIIGALGHLF	AMP	0.9999994	
ampredmfa	FIKKIIGALGKLF	AMP	1.0	
ampredmfa	FLGGLIKIVPAMICAVTKKC	AMP	0.9999993	
ampredmfa	FLGGLIKPVPAMICAVRKKC	AMP	0.99999917	
ampredmfa	FLGGLIKRVPAMICAVRKKC	AMP	0.9999989	
ampredmfa	FLGGLMKAFPALICAVTKKC	AMP	0.9999999	
ampredmfa	FLGVVFKLASKVFPAVFKKV	AMP	0.9999999	
ampredmfa	FLGVVFKSASKVFPAVFGKV	AMP	0.9999999	
ampredmfa	FLPIEAKLLSGLL	AMP	0.9999999	
ampredmfa	FLPIIAGLAAKFLPKIFCKITKKC	AMP	1.0	
ampredmfa	FLPLIAGVAANFLPKIFCLISKKC	AMP	1.0	
ampredmfa	FLYIVAKLLSGLL	AMP	0.9999999	
ampredmfa	FPVTWGWWKWWKG	AMP	0.99999976	
ampredmfa	FSVTWRWWKWWKG	AMP	0.99999976	
ampredmfa	FWGALAKGALKLIPSLFSSFSKKD	AMP	0.9999975	
ampredmfa	GCKKYRRFRWKFKGKLFLFG	AMP	0.99999976	
ampredmfa	GFFKKAKRKVKKAFRRVL	AMP	1.0	
ampredmfa	GFFKKAKRKVKKAG	AMP	1.0	
ampredmfa	GIKKWLHKGKKFGKKFVKKIMNS	AMP	0.99999976	
ampredmfa	GIKKWLHSAKKFGKKFVKKIMNS	AMP	0.99999976	
ampredmfa	GIKKWLHSPKKFGKKFPKKIMNS	AMP	0.99999976	
ampredmfa	GILSGLLGAGKKIVCGLSGMC	AMP	0.99999917	
ampredmfa	GIMDTIKGAAKDLAGQLLDKLKCKITKC	AMP	0.99999297	
ampredmfa	GIMDTVKNAAKDLAGQLLDKLKCRITGC	AMP	0.9999951	
ampredmfa	GIWKTIKSMGKVFAGAILQNL	AMP	0.9999995	
ampredmfa	GIWKTIKSMGKVFAGKIKQNL	AMP	0.99999976	
ampredmfa	GKKYRRFWKFKGKWFWFWG	AMP	0.9999994	
ampredmfa	GKLGPLLKIAAKVGSKLL	AMP	1.0	
ampredmfa	GLFAIIKKIAESF	AMP	0.99999774	
ampredmfa	GLFAVIKKVASVIG	AMP	0.99999964	
ampredmfa	GLFAVIKKVASVIGG	AMP	0.99999964	
ampredmfa	GLFDIAKKIAESF	AMP	0.99999774	
ampredmfa	GLLGPLLKIAAKVGSNLL	AMP	0.9999999	
ampredmfa	GLLRGILGAGKKIVCGLSGLC	AMP	0.9999994	
ampredmfa	GLNALKKVFQGFHEAIKLINNHVQ	AMP	0.9999981	
ampredmfa	GLRWIWKIWRRL	AMP	0.9999994	
ampredmfa	GNNRPVYIPQPRPHPRL	AMP	0.99999774	
ampredmfa	GRFRRLRKKTRKRLKKIGKVLKWIPPIVGSIPLGCG	AMP	0.9998745	
ampredmfa	GSKKPVPIIYCNRRTGKCQRF	AMP	0.9999999	
ampredmfa	GSKKPVPIIYCNRRTGKCQRM	AMP	1.0	
ampredmfa	GSKKPVPIIYTNRRTGKCQRM	AMP	0.99999976	
ampredmfa	GVAKKLWIAAKKPAGAGSKFKLL	AMP	1.0	
ampredmfa	GVGKKLWFALKKPLGLVKFFKLL	AMP	0.9999999	
ampredmfa	GVIDHLKGGAKDLAGHVATKVIKKI	AMP	0.99999964	
ampredmfa	GVLDNLKSAAKDLAGHLATKVIKKI	AMP	0.99999857	
ampredmfa	GWARRTVAKVRK	AMP	1.0	
ampredmfa	GWWRRTVAKVRK	AMP	0.9999999	
ampredmfa	HFLGKLVNLAKKIL	AMP	1.0	
ampredmfa	HFLGTKVNLAKKIL	AMP	0.9999999	
ampredmfa	HFLGTLVNLKKKIL	AMP	1.0	
ampredmfa	HKLGTLVNLAKKIL	AMP	0.9999999	
ampredmfa	IAKIAGKIAKIAGKIAKIAGKIA	AMP	0.9999993	
ampredmfa	IDWKKLLDAAKQIL	AMP	0.9999999	
ampredmfa	IDWKKLLDPAKQIL	AMP	0.99999964	
ampredmfa	IGKLFKRIHLRIKRFLRELVRQLR	AMP	0.99992263	
ampredmfa	IGKLFKRIVERIRRFVRSFLRTLR	AMP	0.9999937	
ampredmfa	ILGTILGLLKGL	AMP	0.9999999	
ampredmfa	ILGTIPGLLKGL	AMP	0.9999999	
ampredmfa	ILRKPWRIWRR	AMP	0.9999982	
ampredmfa	KFFKRLLKSVRRAVKKFRKKPRLIGLSTLL	AMP	0.99999857	
ampredmfa	KIAGKIAKIAGKIA	AMP	0.9999999	
ampredmfa	KWKSFLKTFKSAEKTVLHTALKAISS	AMP	0.9999374	
ampredmfa	KWKSFLKTFKSAVKTVLHTALKAISS	AMP	0.99995804	
ampredmfa	LGLFKKLLRLILKGFKL	AMP	0.9999995	
ampredmfa	LGLFLLLLRLILKGFKL	AMP	0.9999999	
ampredmfa	LKKLLKLLKPLLKL	AMP	0.9999999	
ampredmfa	LKKLLKLPKKLLKL	AMP	0.9999999	
ampredmfa	LNALKKVFQGIHEAIKKI	AMP	0.9999987	
ampredmfa	LNLKALLAVAKKIL	AMP	0.9999999	
ampredmfa	LNLKKLLAVAKKI	AMP	0.9999999	
ampredmfa	LNLKKLLKVAKKIL	AMP	0.9999999	
ampredmfa	LVKRFKKFFRKLKKSVK	AMP	0.99999833	
ampredmfa	RFRRLRKKKRKRLKKI	AMP	0.99999964	
ampredmfa	RRIKPRPPRLPRPRPK	AMP	1.0	
ampredmfa	RRIRPRPPRLPRPC	AMP	1.0	
ampredmfa	SPRVAIRVARNGVAYRRAWG	AMP	0.9999999	
ampredmfa	SPRVCIRVCRNGVCYRRCWG	AMP	1.0	
ampredmfa	VDKPPYLPRPRPPRRIYNR	AMP	0.9999999	
ampredmfa	VKRFKKFFRKLKKSV	AMP	0.99999976	
ampredmfa	VRKPPYLPRPRWPRRIYNR	AMP	0.9999999	
ampredmfa	VRRFPAAWPFLRR	AMP	0.9999995	
ampredmfa	VRRFPWAAPFLRR	AMP	0.9999993	
ampredmfa	VRRFPWWAPFLRR	AMP	0.9999989	
ampredmfa	VRRFPWWYPFLRR	AMP	0.9999974	
ampredmfa	WKSDVRRWRSRY	AMP	0.9999987	
ampredmfa	WKSYVRRWRSR	AMP	0.99999857	
ampscanner	AFFARLLASVRAAVKAFAKKPRLIGLSTLL	AMP	0.9998	
ampscanner	AGYLLGKINLKALAALAKKIL	AMP	0.9999	
ampscanner	AGYLLGKINLKPLAALAKKIL	AMP	0.9997	
ampscanner	AKVVNKLTGKVAGLLK	AMP	0.9993	
ampscanner	ASVVNKLTGGVAGLLK	AMP	0.9955	
ampscanner	DILIIVGGKERKKRRR	non-AMP	0.0061	
ampscanner	DILIIVGGKQRKKRRR	non-AMP	0.3434	
ampscanner	FFSLIPKLVKGLISAFK	AMP	1.0	
ampscanner	FFSLIPSLVGGLISAFK	AMP	0.9999	
ampscanner	FIHHIIGALGHLF	AMP	0.9997	
ampscanner	FIKKIIGALGKLF	AMP	0.9999	
ampscanner	FLGGLIKIVPAMICAVTKKC	AMP	1.0	
ampscanner	FLGGLIKPVPAMICAVRKKC	AMP	1.0	
ampscanner	FLGGLIKRVPAMICAVRKKC	AMP	1.0	
ampscanner	FLGGLMKAFPALICAVTKKC	AMP	1.0	
ampscanner	FLGVVFKLASKVFPAVFKKV	AMP	1.0	
ampscanner	FLGVVFKSASKVFPAVFGKV	AMP	1.0	
ampscanner	FLPIEAKLLSGLL	AMP	0.8899	
ampscanner	FLPIIAGLAAKFLPKIFCKITKKC	AMP	1.0	
ampscanner	FLPLIAGVAANFLPKIFCLISKKC	AMP	1.0	
ampscanner	FLYIVAKLLSGLL	AMP	0.9999	
ampscanner	FPVTWGWWKWWKG	AMP	1.0	
ampscanner	FSVTWRWWKWWKG	AMP	1.0	
ampscanner	FWGALAKGALKLIPSLFSSFSKKD	AMP	0.9998	
ampscanner	GCKKYRRFRWKFKGKLFLFG	AMP	0.9999	
ampscanner	GFFKKAKRKVKKAFRRVL	AMP	1.0	
ampscanner	GFFKKAKRKVKKAG	AMP	0.9999	
ampscanner	GIKKWLHKGKKFGKKFVKKIMNS	AMP	1.0	
ampscanner	GIKKWLHSAKKFGKKFVKKIMNS	AMP	1.0	
ampscanner	GIKKWLHSPKKFGKKFPKKIMNS	AMP	1.0	
ampscanner	GILSGLLGAGKKIVCGLSGMC	AMP	1.0	
ampscanner	GIMDTIKGAAKDLAGQLLDKLKCKITKC	AMP	1.0	
ampscanner	GIMDTVKNAAKDLAGQLLDKLKCRITGC	AMP	1.0	
ampscanner	GIWKTIKSMGKVFAGAILQNL	AMP	0.9996	
ampscanner	GIWKTIKSMGKVFAGKIKQNL	AMP	0.9999	
ampscanner	GKKYRRFWKFKGKWFWFWG	AMP	1.0	
ampscanner	GKLGPLLKIAAKVGSKLL	AMP	0.9999	
ampscanner	GLFAIIKKIAESF	AMP	0.5036	
ampscanner	GLFAVIKKVASVIG	AMP	0.9996	
ampscanner	GLFAVIKKVASVIGG	AMP	0.9996	
ampscanner	GLFDIAKKIAESF	non-AMP	0.2754	
ampscanner	GLLGPLLKIAAKVGSNLL	AMP	0.9998	
ampscanner	GLLRGILGAGKKIVCGLSGLC	AMP	1.0	
ampscanner	GLNALKKVFQGFHEAIKLINNHVQ	AMP	0.9806	
ampscanner	GLRWIWKIWRRL	AMP	1.0	
ampscanner	GNNRPVYIPQPRPHPRL	AMP	0.9883	
ampscanner	GRFRRLRKKTRKRLKKIGKVLKWIPPIVGSIPLGCG	AMP	1.0	
ampscanner	GSKKPVPIIYCNRRTGKCQRF	AMP	0.9999	
ampscanner	GSKKPVPIIYCNRRTGKCQRM	AMP	0.9999	
ampscanner	GSKKPVPIIYTNRRTGKCQRM	AMP	0.9943	
ampscanner	GVAKKLWIAAKKPAGAGSKFKLL	AMP	1.0	
ampscanner	GVGKKLWFALKKPLGLVKFFKLL	AMP	1.0	
ampscanner	GVIDHLKGGAKDLAGHVATKVIKKI	AMP	0.9999	
ampscanner	GVLDNLKSAAKDLAGHLATKVIKKI	AMP	0.9995	
ampscanner	GWARRTVAKVRK	AMP	0.9953	
ampscanner	GWWRRTVAKVRK	AMP	0.9999	
ampscanner	HFLGKLVNLAKKIL	AMP	1.0	
ampscanner	HFLGTKVNLAKKIL	AMP	0.9994	
ampscanner	HFLGTLVNLKKKIL	AMP	0.9989	
ampscanner	HKLGTLVNLAKKIL	AMP	0.9995	
ampscanner	IAKIAGKIAKIAGKIAKIAGKIA	AMP	1.0	
ampscanner	IDWKKLLDAAKQIL	AMP	0.9635	
ampscanner	IDWKKLLDPAKQIL	AMP	0.8071	
ampscanner	IGKLFKRIHLRIKRFLRELVRQLR	AMP	0.9996	
ampscanner	IGKLFKRIVERIRRFVRSFLRTLR	AMP	1.0	
ampscanner	ILGTILGLLKGL	AMP	0.9996	
ampscanner	ILGTIPGLLKGL	AMP	0.9995	
ampscanner	ILRKPWRIWRR	AMP	0.9983	
ampscanner	KFFKRLLKSVRRAVKKFRKKPRLIGLSTLL	AMP	1.0	
ampscanner	KIAGKIAKIAGKIA	AMP	0.9998	
ampscanner	KWKSFLKTFKSAEKTVLHTALKAISS	AMP	1.0	
ampscanner	KWKSFLKTFKSAVKTVLHTALKAISS	AMP	1.0	
ampscanner	LGLFKKLLRLILKGFKL	AMP	1.0	
ampscanner	LGLFLLLLRLILKGFKL	AMP	0.9999	
ampscanner	LKKLLKLLKPLLKL	AMP	0.9999	
ampscanner	LKKLLKLPKKLLKL	AMP	0.9999	
ampscanner	LNALKKVFQGIHEAIKKI	AMP	0.9981	
ampscanner	LNLKALLAVAKKIL	AMP	0.9929	
ampscanner	LNLKKLLAVAKKI	AMP	0.9929	
ampscanner	LNLKKLLKVAKKIL	AMP	0.9999	
ampscanner	LVKRFKKFFRKLKKSVK	AMP	1.0	
ampscanner	RFRRLRKKKRKRLKKI	AMP	0.9997	
ampscanner	RRIKPRPPRLPRPRPK	AMP	0.9987	
ampscanner	RRIRPRPPRLPRPC	AMP	0.9991	
ampscanner	SPRVAIRVARNGVAYRRAWG	non-AMP	0.302	
ampscanner	SPRVCIRVCRNGVCYRRCWG	AMP	1.0	
ampscanner	VDKPPYLPRPRPPRRIYNR	AMP	0.9995	
ampscanner	VKRFKKFFRKLKKSV	AMP	1.0	
ampscanner	VRKPPYLPRPRWPRRIYNR	AMP	1.0	
ampscanner	VRRFPAAWPFLRR	AMP	0.9859	
ampscanner	VRRFPWAAPFLRR	AMP	0.9769	
ampscanner	VRRFPWWAPFLRR	AMP	0.9993	
ampscanner	VRRFPWWYPFLRR	AMP	0.9975	
ampscanner	WKSDVRRWRSRY	AMP	0.901	
ampscanner	WKSYVRRWRSR	AMP	0.9835	
apex-abaumannii	AFFARLLASVRAAVKAFAKKPRLIGLSTLL			26.537449
apex-abaumannii	AGYLLGKINLKALAALAKKIL			8.96201
apex-abaumannii	AGYLLGKINLKPLAALAKKIL			21.275463
apex-abaumannii	AKVVNKLTGKVAGLLK			63.089897
apex-abaumannii	ASVVNKLTGGVAGLLK			105.31496
apex-abaumannii	DILIIVGGKERKKRRR			106.180885
apex-abaumannii	DILIIVGGKQRKKRRR			94.61698
apex-abaumannii	FFSLIPKLVKGLISAFK			8.067624
apex-abaumannii	FFSLIPSLVGGLISAFK			75.80556
apex-abaumannii	FIHHIIGALGHLF			19.991898
apex-abaumannii	FIKKIIGALGKLF			4.620356
apex-abaumannii	FLGGLIKIVPAMICAVTKKC			81.55198
apex-abaumannii	FLGGLIKPVPAMICAVRKKC			78.76498
apex-abaumannii	FLGGLIKRVPAMICAVRKKC			58.71047
apex-abaumannii	FLGGLMKAFPALICAVTKKC			84.55683
apex-abaumannii	FLGVVFKLASKVFPAVFKKV			14.637332
apex-abaumannii	FLGVVFKSASKVFPAVFGKV			69.80465
apex-abaumannii	FLPIEAKLLSGLL			58.213867
apex-abaumannii	FLPIIAGLAAKFLPKIFCKITKKC			31.20441
apex-abaumannii	FLPLIAGVAANFLPKIFCLISKKC			76.011
apex-abaumannii	FLYIVAKLLSGLL			12.0066595
apex-abaumannii	FPVTWGWWKWWKG			85.77867
apex-abaumannii	FSVTWRWWKWWKG			47.331383
apex-abaumannii	FWGALAKGALKLIPSLFSSFSKKD			78.582245
apex-abaumannii	GCKKYRRFRWKFKGKLFLFG			17.535984
apex-abaumannii	GFFKKAKRKVKKAFRRVL			55.87321
apex-abaumannii	GFFKKAKRKVKKAG			123.38076
apex-abaumannii	GIKKWLHKGKKFGKKFVKKIMNS			13.707149
apex-abaumannii	GIKKWLHSAKKFGKKFVKKIMNS			12.541816
apex-abaumannii	GIKKWLHSPKKFGKKFPKKIMNS			35.695484
apex-abaumannii	GILSGLLGAGKKIVCGLSGMC			133.70361
apex-abaumannii	GIMDTIKGAAKDLAGQLLDKLKCKITKC			122.632645
apex-abaumannii	GIMDTVKNAAKDLAGQLLDKLKCRITGC			135.48584
apex-abaumannii	GIWKTIKSMGKVFAGAILQNL			64.11888
apex-abaumannii	GIWKTIKSMGKVFAGKIKQNL			32.802925
apex-abaumannii	GKKYRRFWKFKGKWFWFWG			27.74818
apex-abaumannii	GKLGPLLKIAAKVGSKLL			11.519768
apex-abaumannii	GLFAIIKKIAESF			10.44981
apex-abaumannii	GLFAVIKKVASVIG			54.140667
apex-abaumannii	GLFAVIKKVASVIGG			60.17417
apex-abaumannii	GLFDIAKKIAESF			22.602533
apex-abaumannii	GLLGPLLKIAAKVGSNLL			41.43636
apex-abaumannii	GLLRGILGAGKKIVCGLSGLC			92.25289
apex-abaumannii	GLNALKKVFQGFHEAIKLINNHVQ			84.98176
apex-abaumannii	GLRWIWKIWRRL			8.583693
apex-abaumannii	GNNRPVYIPQPRPHPRL			114.49349
apex-abaumannii	GRFRRLRKKTRKRLKKIGKVLKWIPPIVGSIPLGCG			22.755083
apex-abaumannii	GSKKPVPIIYCNRRTGKCQRF			125.50859
apex-abaumannii	GSKKPVPIIYCNRRTGKCQRM			126.681595
apex-abaumannii	GSKKPVPIIYTNRRTGKCQRM			131.9487
apex-abaumannii	GVAKKLWIAAKKPAGAGSKFKLL			25.96051
apex-abaumannii	GVGKKLWFALKKPLGLVKFFKLL			6.0448046
apex-abaumannii	GVIDHLKGGAKDLAGHVATKVIKKI			95.673294
apex-abaumannii	GVLDNLKSAAKDLAGHLATKVIKKI			106.352394
apex-abaumannii	GWARRTVAKVRK			76.44422
apex-abaumannii	GWWRRTVAKVRK			49.88723
apex-abaumannii	HFLGKLVNLAKKIL			5.7708387
apex-abaumannii	HFLGTKVNLAKKIL			31.424023
apex-abaumannii	HFLGTLVNLKKKIL			20.744831
apex-abaumannii	HKLGTLVNLAKKIL			22.965359
apex-abaumannii	IAKIAGKIAKIAGKIAKIAGKIA			34.023277
apex-abaumannii	IDWKKLLDAAKQIL			52.40777
apex-abaumannii	IDWKKLLDPAKQIL			90.7574
apex-abaumannii	IGKLFKRIHLRIKRFLRELVRQLR			9.870782
apex-abaumannii	IGKLFKRIVERIRRFVRSFLRTLR			15.11379
apex-abaumannii	ILGTILGLLKGL			16.127466
apex-abaumannii	ILGTIPGLLKGL			61.47875
apex-abaumannii	ILRKPWRIWRR			60.89765
apex-abaumannii	KFFKRLLKSVRRAVKKFRKKPRLIGLSTLL			11.904315
apex-abaumannii	KIAGKIAKIAGKIA			72.37864
apex-abaumannii	KWKSFLKTFKSAEKTVLHTALKAISS			37.17099
apex-abaumannii	KWKSFLKTFKSAVKTVLHTALKAISS			10.467886
apex-abaumannii	LGLFKKLLRLILKGFKL			4.331082
apex-abaumannii	LGLFLLLLRLILKGFKL			6.2054143
apex-abaumannii	LKKLLKLLKPLLKL			6.0000596
apex-abaumannii	LKKLLKLPKKLLKL			9.076707
apex-abaumannii	LNALKKVFQGIHEAIKKI			46.030098
apex-abaumannii	LNLKALLAVAKKIL			8.242865
apex-abaumannii	LNLKKLLAVAKKI			20.228283
apex-abaumannii	LNLKKLLKVAKKIL			5.998577
apex-abaumannii	LVKRFKKFFRKLKKSVK			36.397343
apex-abaumannii	RFRRLRKKKRKRLKKI			45.68383
apex-abaumannii	RRIKPRPPRLPRPRPK			23.849812
apex-abaumannii	RRIRPRPPRLPRPC			63.414326
apex-abaumannii	SPRVAIRVARNGVAYRRAWG			61.119026
apex-abaumannii	SPRVCIRVCRNGVCYRRCWG			83.29641
apex-abaumannii	VDKPPYLPRPRPPRRIYNR			68.18197
apex-abaumannii	VKRFKKFFRKLKKSV			55.527233
apex-abaumannii	VRKPPYLPRPRWPRRIYNR			20.88391
apex-abaumannii	VRRFPAAWPFLRR			94.8335
apex-abaumannii	VRRFPWAAPFLRR			81.37655
apex-abaumannii	VRRFPWWAPFLRR			66.75234
apex-abaumannii	VRRFPWWYPFLRR			63.009357
apex-abaumannii	WKSDVRRWRSRY			111.85109
apex-abaumannii	WKSYVRRWRSR			95.97997
apex-ecoli	AFFARLLASVRAAVKAFAKKPRLIGLSTLL			56.958645
apex-ecoli	AGYLLGKINLKALAALAKKIL			24.28579
apex-ecoli	AGYLLGKINLKPLAALAKKIL			48.84209
apex-ecoli	AKVVNKLTGKVAGLLK			71.75536
apex-ecoli	ASVVNKLTGGVAGLLK			109.39669
apex-ecoli	DILIIVGGKERKKRRR			106.92938
apex-ecoli	DILIIVGGKQRKKRRR			97.41683
apex-ecoli	FFSLIPKLVKGLISAFK			31.150429
apex-ecoli	FFSLIPSLVGGLISAFK			98.592125
apex-ecoli	FIHHIIGALGHLF			26.016861
apex-ecoli	FIKKIIGALGKLF			13.396408
apex-ecoli	FLGGLIKIVPAMICAVTKKC			111.08163
apex-ecoli	FLGGLIKPVPAMICAVRKKC			110.02716
apex-ecoli	FLGGLIKRVPAMICAVRKKC			93.917534
apex-ecoli	FLGGLMKAFPALICAVTKKC			114.78797
apex-ecoli	FLGVVFKLASKVFPAVFKKV			46.870716
apex-ecoli	FLGVVFKSASKVFPAVFGKV			97.2114
apex-ecoli	FLPIEAKLLSGLL			79.604416
apex-ecoli	FLPIIAGLAAKFLPKIFCKITKKC			74.32238
apex-ecoli	FLPLIAGVAANFLPKIFCLISKKC			106.89225
apex-ecoli	FLYIVAKLLSGLL			25.108564
apex-ecoli	FPVTWGWWKWWKG			97.329
apex-ecoli	FSVTWRWWKWWKG			50.95219
apex-ecoli	FWGALAKGALKLIPSLFSSFSKKD			106.503075
apex-ecoli	GCKKYRRFRWKFKGKLFLFG			22.75319
apex-ecoli	GFFKKAKRKVKKAFRRVL			58.861572
apex-ecoli	GFFKKAKRKVKKAG			122.54838
apex-ecoli	GIKKWLHKGKKFGKKFVKKIMNS			29.486696
apex-ecoli	GIKKWLHSAKKFGKKFVKKIMNS			30.222036
apex-ecoli	GIKKWLHSPKKFGKKFPKKIMNS			60.0607
apex-ecoli	GILSGLLGAGKKIVCGLSGMC			129.17711
apex-ecoli	GIMDTIKGAAKDLAGQLLDKLKCKITKC			122.24535
apex-ecoli	GIMDTVKNAAKDLAGQLLDKLKCRITGC			128.11868
apex-ecoli	GIWKTIKSMGKVFAGAILQNL			77.24401
apex-ecoli	GIWKTIKSMGKVFAGKIKQNL			49.768066
apex-ecoli	GKKYRRFWKFKGKWFWFWG			25.274591
apex-ecoli	GKLGPLLKIAAKVGSKLL			22.439758
apex-ecoli	GLFAIIKKIAESF			22.847855
apex-ecoli	GLFAVIKKVASVIG			44.904175
apex-ecoli	GLFAVIKKVASVIGG			47.299328
apex-ecoli	GLFDIAKKIAESF			36.65539
apex-ecoli	GLLGPLLKIAAKVGSNLL			53.727753
apex-ecoli	GLLRGILGAGKKIVCGLSGLC			105.293724
apex-ecoli	GLNALKKVFQGFHEAIKLINNHVQ			92.80865
apex-ecoli	GLRWIWKIWRRL			11.926946
apex-ecoli	GNNRPVYIPQPRPHPRL			106.06898
apex-ecoli	GRFRRLRKKTRKRLKKIGKVLKWIPPIVGSIPLGCG			35.279217
apex-ecoli	GSKKPVPIIYCNRRTGKCQRF			111.21316
apex-ecoli	GSKKPVPIIYCNRRTGKCQRM			118.41681
apex-ecoli	GSKKPVPIIYTNRRTGKCQRM			124.0241
apex-ecoli	GVAKKLWIAAKKPAGAGSKFKLL			46.67093
apex-ecoli	GVGKKLWFALKKPLGLVKFFKLL			18.498734
apex-ecoli	GVIDHLKGGAKDLAGHVATKVIKKI			114.71859
apex-ecoli	GVLDNLKSAAKDLAGHLATKVIKKI			116.35134
apex-ecoli	GWARRTVAKVRK			78.30582
apex-ecoli	GWWRRTVAKVRK			44.524677
apex-ecoli	HFLGKLVNLAKKIL			18.825813
apex-ecoli	HFLGTKVNLAKKIL			53.157482
apex-ecoli	HFLGTLVNLKKKIL			40.174732
apex-ecoli	HKLGTLVNLAKKIL			39.07205
apex-ecoli	IAKIAGKIAKIAGKIAKIAGKIA			57.321613
apex-ecoli	IDWKKLLDAAKQIL			71.95311
apex-ecoli	IDWKKLLDPAKQIL			107.815186
apex-ecoli	IGKLFKRIHLRIKRFLRELVRQLR			20.713457
apex-ecoli	IGKLFKRIVERIRRFVRSFLRTLR			20.831495
apex-ecoli	ILGTILGLLKGL			18.022934
apex-ecoli	ILGTIPGLLKGL			62.72716
apex-ecoli	ILRKPWRIWRR			57.35954
apex-ecoli	KFFKRLLKSVRRAVKKFRKKPRLIGLSTLL			19.981667
apex-ecoli	KIAGKIAKIAGKIA			86.49512
apex-ecoli	KWKSFLKTFKSAEKTVLHTALKAISS			48.489746
apex-ecoli	KWKSFLKTFKSAVKTVLHTALKAISS			15.93986
apex-ecoli	LGLFKKLLRLILKGFKL			12.612441
apex-ecoli	LGLFLLLLRLILKGFKL			21.62293
apex-ecoli	LKKLLKLLKPLLKL			21.037117
apex-ecoli	LKKLLKLPKKLLKL			22.676123
apex-ecoli	LNALKKVFQGIHEAIKKI			72.780525
apex-ecoli	LNLKALLAVAKKIL			14.349834
apex-ecoli	LNLKKLLAVAKKI			32.6318
apex-ecoli	LNLKKLLKVAKKIL			14.528798
apex-ecoli	LVKRFKKFFRKLKKSVK			42.84136
apex-ecoli	RFRRLRKKKRKRLKKI			46.530228
apex-ecoli	RRIKPRPPRLPRPRPK			35.789013
apex-ecoli	RRIRPRPPRLPRPC			66.41988
apex-ecoli	SPRVAIRVARNGVAYRRAWG			83.09286
apex-ecoli	SPRVCIRVCRNGVCYRRCWG			97.46371
apex-ecoli	VDKPPYLPRPRPPRRIYNR			78.04066
apex-ecoli	VKRFKKFFRKLKKSV			55.069622
apex-ecoli	VRKPPYLPRPRWPRRIYNR			31.19665
apex-ecoli	VRRFPAAWPFLRR			106.04035
apex-ecoli	VRRFPWAAPFLRR			94.56424
apex-ecoli	VRRFPWWAPFLRR			78.291374
apex-ecoli	VRRFPWWYPFLRR			70.50715
apex-ecoli	WKSDVRRWRSRY			96.536224
apex-ecoli	WKSYVRRWRSR			76.748695
apex-kpneumoniae	AFFARLLASVRAAVKAFAKKPRLIGLSTLL			90.39568
apex-kpneumoniae	AGYLLGKINLKALAALAKKIL			37.03142
apex-kpneumoniae	AGYLLGKINLKPLAALAKKIL			58.04671
apex-kpneumoniae	AKVVNKLTGKVAGLLK			73.9797
apex-kpneumoniae	ASVVNKLTGGVAGLLK			109.913376
apex-kpneumoniae	DILIIVGGKERKKRRR			121.69624
apex-kpneumoniae	DILIIVGGKQRKKRRR			117.51585
apex-kpneumoniae	FFSLIPKLVKGLISAFK			49.27198
apex-kpneumoniae	FFSLIPSLVGGLISAFK			102.101974
apex-kpneumoniae	FIHHIIGALGHLF			30.150461
apex-kpneumoniae	FIKKIIGALGKLF			30.931747
apex-kpneumoniae	FLGGLIKIVPAMICAVTKKC			121.41062
apex-kpneumoniae	FLGGLIKPVPAMICAVRKKC			125.91614
apex-kpneumoniae	FLGGLIKRVPAMICAVRKKC			119.06755
apex-kpneumoniae	FLGGLMKAFPALICAVTKKC			123.6214
apex-kpneumoniae	FLGVVFKLASKVFPAVFKKV			79.79854
apex-kpneumoniae	FLGVVFKSASKVFPAVFGKV			113.47807
apex-kpneumoniae	FLPIEAKLLSGLL			89.69415
apex-kpneumoniae	FLPIIAGLAAKFLPKIFCKITKKC			87.656136
apex-kpneumoniae	FLPLIAGVAANFLPKIFCLISKKC			108.77268
apex-kpneumoniae	FLYIVAKLLSGLL			38.872383
apex-kpneumoniae	FPVTWGWWKWWKG			126.44778
apex-kpneumoniae	FSVTWRWWKWWKG			102.01204
apex-kpneumoniae	FWGALAKGALKLIPSLFSSFSKKD			117.54527
apex-kpneumoniae	GCKKYRRFRWKFKGKLFLFG			73.131096
apex-kpneumoniae	GFFKKAKRKVKKAFRRVL			119.152054
apex-kpneumoniae	GFFKKAKRKVKKAG			129.95578
apex-kpneumoniae	GIKKWLHKGKKFGKKFVKKIMNS			74.84136
apex-kpneumoniae	GIKKWLHSAKKFGKKFVKKIMNS			66.30951
apex-kpneumoniae	GIKKWLHSPKKFGKKFPKKIMNS			81.442024
apex-kpneumoniae	GILSGLLGAGKKIVCGLSGMC			133.15866
apex-kpneumoniae	GIMDTIKGAAKDLAGQLLDKLKCKITKC			121.770645
apex-kpneumoniae	GIMDTVKNAAKDLAGQLLDKLKCRITGC			127.294945
apex-kpneumoniae	GIWKTIKSMGKVFAGAILQNL			93.225914
apex-kpneumoniae	GIWKTIKSMGKVFAGKIKQNL			75.33566
apex-kpneumoniae	GKKYRRFWKFKGKWFWFWG			86.617294
apex-kpneumoniae	GKLGPLLKIAAKVGSKLL			27.28651
apex-kpneumoniae	GLFAIIKKIAESF			45.66719
apex-kpneumoniae	GLFAVIKKVASVIG			73.28084
apex-kpneumoniae	GLFAVIKKVASVIGG			75.08691
apex-kpneumoniae	GLFDIAKKIAESF			53.72519
apex-kpneumoniae	GLLGPLLKIAAKVGSNLL			64.02418
apex-kpneumoniae	GLLRGILGAGKKIVCGLSGLC			118.913475
apex-kpneumoniae	GLNALKKVFQGFHEAIKLINNHVQ			109.35915
apex-kpneumoniae	GLRWIWKIWRRL			51.955437
apex-kpneumoniae	GNNRPVYIPQPRPHPRL			98.98329
apex-kpneumoniae	GRFRRLRKKTRKRLKKIGKVLKWIPPIVGSIPLGCG			80.32115
apex-kpneumoniae	GSKKPVPIIYCNRRTGKCQRF			120.16766
apex-kpneumoniae	GSKKPVPIIYCNRRTGKCQRM			123.093834
apex-kpneumoniae	GSKKPVPIIYTNRRTGKCQRM			124.531815
apex-kpneumoniae	GVAKKLWIAAKKPAGAGSKFKLL			68.94663
apex-kpneumoniae	GVGKKLWFALKKPLGLVKFFKLL			51.176987
apex-kpneumoniae	GVIDHLKGGAKDLAGHVATKVIKKI			119.78774
apex-kpneumoniae	GVLDNLKSAAKDLAGHLATKVIKKI			116.8054
apex-kpneumoniae	GWARRTVAKVRK			106.73151
apex-kpneumoniae	GWWRRTVAKVRK			89.018265
apex-kpneumoniae	HFLGKLVNLAKKIL			28.33315
apex-kpneumoniae	HFLGTKVNLAKKIL			63.050182
apex-kpneumoniae	HFLGTLVNLKKKIL			52.13807
apex-kpneumoniae	HKLGTLVNLAKKIL			46.360367
apex-kpneumoniae	IAKIAGKIAKIAGKIAKIAGKIA			68.15932
apex-kpneumoniae	IDWKKLLDAAKQIL			87.10008
apex-kpneumoniae	IDWKKLLDPAKQIL			120.208145
apex-kpneumoniae	IGKLFKRIHLRIKRFLRELVRQLR			76.79139
apex-kpneumoniae	IGKLFKRIVERIRRFVRSFLRTLR			57.772926
apex-kpneumoniae	ILGTILGLLKGL			36.652092
apex-kpneumoniae	ILGTIPGLLKGL			83.82792
apex-kpneumoniae	ILRKPWRIWRR			128.19981
apex-kpneumoniae	KFFKRLLKSVRRAVKKFRKKPRLIGLSTLL			80.335
apex-kpneumoniae	KIAGKIAKIAGKIA			99.63126
apex-kpneumoniae	KWKSFLKTFKSAEKTVLHTALKAISS			72.70555
apex-kpneumoniae	KWKSFLKTFKSAVKTVLHTALKAISS			40.083652
apex-kpneumoniae	LGLFKKLLRLILKGFKL			54.45114
apex-kpneumoniae	LGLFLLLLRLILKGFKL			54.298023
apex-kpneumoniae	LKKLLKLLKPLLKL			50.568672
apex-kpneumoniae	LKKLLKLPKKLLKL			58.872
apex-kpneumoniae	LNALKKVFQGIHEAIKKI			90.701996
apex-kpneumoniae	LNLKALLAVAKKIL			20.129456
apex-kpneumoniae	LNLKKLLAVAKKI			46.870556
apex-kpneumoniae	LNLKKLLKVAKKIL			28.698309
apex-kpneumoniae	LVKRFKKFFRKLKKSVK			98.375725
apex-kpneumoniae	RFRRLRKKKRKRLKKI			134.70206
apex-kpneumoniae	RRIKPRPPRLPRPRPK			91.71621
apex-kpneumoniae	RRIRPRPPRLPRPC			96.68872
apex-kpneumoniae	SPRVAIRVARNGVAYRRAWG			106.580345
apex-kpneumoniae	SPRVCIRVCRNGVCYRRCWG			114.511
apex-kpneumoniae	VDKPPYLPRPRPPRRIYNR			101.85586
apex-kpneumoniae	VKRFKKFFRKLKKSV			103.494736
apex-kpneumoniae	VRKPPYLPRPRWPRRIYNR			73.53973
apex-kpneumoniae	VRRFPAAWPFLRR			124.768456
apex-kpneumoniae	VRRFPWAAPFLRR			117.615685
apex-kpneumoniae	VRRFPWWAPFLRR			111.24905
apex-kpneumoniae	VRRFPWWYPFLRR			113.97642
apex-kpneumoniae	WKSDVRRWRSRY			131.84897
apex-kpneumoniae	WKSYVRRWRSR			121.32784
apex-min	AFFARLLASVRAAVKAFAKKPRLIGLSTLL			26.537449
apex-min	AGYLLGKINLKALAALAKKIL			8.96201
apex-min	AGYLLGKINLKPLAALAKKIL			21.275463
apex-min	AKVVNKLTGKVAGLLK			45.164825
apex-min	ASVVNKLTGGVAGLLK			75.27342
apex-min	DILIIVGGKERKKRRR			64.417244
apex-min	DILIIVGGKQRKKRRR			50.695866
apex-min	FFSLIPKLVKGLISAFK			8.067624
apex-min	FFSLIPSLVGGLISAFK			66.54125
apex-min	FIHHIIGALGHLF			7.537324
apex-min	FIKKIIGALGKLF			4.620356
apex-min	FLGGLIKIVPAMICAVTKKC			72.55031
apex-min	FLGGLIKPVPAMICAVRKKC			66.9858
apex-min	FLGGLIKRVPAMICAVRKKC			51.985054
apex-min	FLGGLMKAFPALICAVTKKC			74.67797
apex-min	FLGVVFKLASKVFPAVFKKV			14.637332
apex-min	FLGVVFKSASKVFPAVFGKV			54.651146
apex-min	FLPIEAKLLSGLL			24.061197
apex-min	FLPIIAGLAAKFLPKIFCKITKKC			31.20441
apex-min	FLPLIAGVAANFLPKIFCLISKKC			75.970665
apex-min	FLYIVAKLLSGLL			6.304126
apex-min	FPVTWGWWKWWKG			47.484188
apex-min	FSVTWRWWKWWKG			34.352512
apex-min	FWGALAKGALKLIPSLFSSFSKKD			73.547966
apex-min	GCKKYRRFRWKFKGKLFLFG			9.236769
apex-min	GFFKKAKRKVKKAFRRVL			20.657188
apex-min	GFFKKAKRKVKKAG			54.867455
apex-min	GIKKWLHKGKKFGKKFVKKIMNS			7.1773643
apex-min	GIKKWLHSAKKFGKKFVKKIMNS			8.904883
apex-min	GIKKWLHSPKKFGKKFPKKIMNS			18.968565
apex-min	GILSGLLGAGKKIVCGLSGMC			86.13948
apex-min	GIMDTIKGAAKDLAGQLLDKLKCKITKC			79.36504
apex-min	GIMDTVKNAAKDLAGQLLDKLKCRITGC			88.89453
apex-min	GIWKTIKSMGKVFAGAILQNL			40.938446
apex-min	GIWKTIKSMGKVFAGKIKQNL			19.034481
apex-min	GKKYRRFWKFKGKWFWFWG			5.0450983
apex-min	GKLGPLLKIAAKVGSKLL			9.228111
apex-min	GLFAIIKKIAESF			5.1766057
apex-min	GLFAVIKKVASVIG			10.790053
apex-min	GLFAVIKKVASVIGG			11.968825
apex-min	GLFDIAKKIAESF			12.241474
apex-min	GLLGPLLKIAAKVGSNLL			27.760508
apex-min	GLLRGILGAGKKIVCGLSGLC			57.45629
apex-min	GLNALKKVFQGFHEAIKLINNHVQ			53.45817
apex-min	GLRWIWKIWRRL			5.1371574
apex-min	GNNRPVYIPQPRPHPRL			91.5515
apex-min	GRFRRLRKKTRKRLKKIGKVLKWIPPIVGSIPLGCG			11.038383
apex-min	GSKKPVPIIYCNRRTGKCQRF			75.88466
apex-min	GSKKPVPIIYCNRRTGKCQRM			82.44095
apex-min	GSKKPVPIIYTNRRTGKCQRM			86.72565
apex-min	GVAKKLWIAAKKPAGAGSKFKLL			11.208534
apex-min	GVGKKLWFALKKPLGLVKFFKLL			6.0448046
apex-min	GVIDHLKGGAKDLAGHVATKVIKKI			66.88791
apex-min	GVLDNLKSAAKDLAGHLATKVIKKI			78.73369
apex-min	GWARRTVAKVRK			44.982838
apex-min	GWWRRTVAKVRK			21.31396
apex-min	HFLGKLVNLAKKIL			4.84291
apex-min	HFLGTKVNLAKKIL			21.146858
apex-min	HFLGTLVNLKKKIL			15.1604
apex-min	HKLGTLVNLAKKIL			15.555522
apex-min	IAKIAGKIAKIAGKIAKIAGKIA			28.141376
apex-min	IDWKKLLDAAKQIL			37.7286
apex-min	IDWKKLLDPAKQIL			47.738678
apex-min	IGKLFKRIHLRIKRFLRELVRQLR			6.3730626
apex-min	IGKLFKRIVERIRRFVRSFLRTLR			7.7381034
apex-min	ILGTILGLLKGL			5.7038546
apex-min	ILGTIPGLLKGL			21.691105
apex-min	ILRKPWRIWRR			17.968658
apex-min	KFFKRLLKSVRRAVKKFRKKPRLIGLSTLL			4.7618027
apex-min	KIAGKIAKIAGKIA			32.87014
apex-min	KWKSFLKTFKSAEKTVLHTALKAISS			26.32662
apex-min	KWKSFLKTFKSAVKTVLHTALKAISS			9.118352
apex-min	LGLFKKLLRLILKGFKL			4.331082
apex-min	LGLFLLLLRLILKGFKL			6.2054143
apex-min	LKKLLKLLKPLLKL			2.4044075
apex-min	LKKLLKLPKKLLKL			3.0860097
apex-min	LNALKKVFQGIHEAIKKI			30.338726
apex-min	LNLKALLAVAKKIL			5.4786983
apex-min	LNLKKLLAVAKKI			10.857546
apex-min	LNLKKLLKVAKKIL			3.3693223
apex-min	LVKRFKKFFRKLKKSVK			12.547659
apex-min	RFRRLRKKKRKRLKKI			9.291384
apex-min	RRIKPRPPRLPRPRPK			9.341251
apex-min	RRIRPRPPRLPRPC			25.820578
apex-min	SPRVAIRVARNGVAYRRAWG			35.790558
apex-min	SPRVCIRVCRNGVCYRRCWG			56.25237
apex-min	VDKPPYLPRPRPPRRIYNR			65.58856
apex-min	VKRFKKFFRKLKKSV			15.962473
apex-min	VRKPPYLPRPRWPRRIYNR			17.883673
apex-min	VRRFPAAWPFLRR			46.51931
apex-min	VRRFPWAAPFLRR			38.785538
apex-min	VRRFPWWAPFLRR			22.203892
apex-min	VRRFPWWYPFLRR			16.5097
apex-min	WKSDVRRWRSRY			25.433697
apex-min	WKSYVRRWRSR			42.413918
apex-paeruginosa	AFFARLLASVRAAVKAFAKKPRLIGLSTLL			67.362305
apex-paeruginosa	AGYLLGKINLKALAALAKKIL			60.71541
apex-paeruginosa	AGYLLGKINLKPLAALAKKIL			78.47609
apex-paeruginosa	AKVVNKLTGKVAGLLK			79.99907
apex-paeruginosa	ASVVNKLTGGVAGLLK			124.87424
apex-paeruginosa	DILIIVGGKERKKRRR			131.30774
apex-paeruginosa	DILIIVGGKQRKKRRR			123.966515
apex-paeruginosa	FFSLIPKLVKGLISAFK			85.48814
apex-paeruginosa	FFSLIPSLVGGLISAFK			124.51274
apex-paeruginosa	FIHHIIGALGHLF			83.19028
apex-paeruginosa	FIKKIIGALGKLF			56.545837
apex-paeruginosa	FLGGLIKIVPAMICAVTKKC			129.62177
apex-paeruginosa	FLGGLIKPVPAMICAVRKKC			116.816635
apex-paeruginosa	FLGGLIKRVPAMICAVRKKC			102.392975
apex-paeruginosa	FLGGLMKAFPALICAVTKKC			127.65515
apex-paeruginosa	FLGVVFKLASKVFPAVFKKV			91.61693
apex-paeruginosa	FLGVVFKSASKVFPAVFGKV			114.35486
apex-paeruginosa	FLPIEAKLLSGLL			134.899
apex-paeruginosa	FLPIIAGLAAKFLPKIFCKITKKC			90.90753
apex-paeruginosa	FLPLIAGVAANFLPKIFCLISKKC			117.71274
apex-paeruginosa	FLYIVAKLLSGLL			108.92869
apex-paeruginosa	FPVTWGWWKWWKG			120.72215
apex-paeruginosa	FSVTWRWWKWWKG			89.758484
apex-paeruginosa	FWGALAKGALKLIPSLFSSFSKKD			115.31084
apex-paeruginosa	GCKKYRRFRWKFKGKLFLFG			53.923717
apex-paeruginosa	GFFKKAKRKVKKAFRRVL			53.391838
apex-paeruginosa	GFFKKAKRKVKKAG			114.59245
apex-paeruginosa	GIKKWLHKGKKFGKKFVKKIMNS			26.482168
apex-paeruginosa	GIKKWLHSAKKFGKKFVKKIMNS			29.929893
apex-paeruginosa	GIKKWLHSPKKFGKKFPKKIMNS			52.385452
apex-paeruginosa	GILSGLLGAGKKIVCGLSGMC			135.14337
apex-paeruginosa	GIMDTIKGAAKDLAGQLLDKLKCKITKC			123.76596
apex-paeruginosa	GIMDTVKNAAKDLAGQLLDKLKCRITGC			130.86537
apex-paeruginosa	GIWKTIKSMGKVFAGAILQNL			109.35335
apex-paeruginosa	GIWKTIKSMGKVFAGKIKQNL			70.98755
apex-paeruginosa	GKKYRRFWKFKGKWFWFWG			41.447807
apex-paeruginosa	GKLGPLLKIAAKVGSKLL			43.53521
apex-paeruginosa	GLFAIIKKIAESF			115.58022
apex-paeruginosa	GLFAVIKKVASVIG			118.504944
apex-paeruginosa	GLFAVIKKVASVIGG			114.5668
apex-paeruginosa	GLFDIAKKIAESF			101.4973
apex-paeruginosa	GLLGPLLKIAAKVGSNLL			110.19165
apex-paeruginosa	GLLRGILGAGKKIVCGLSGLC			121.816025
apex-paeruginosa	GLNALKKVFQGFHEAIKLINNHVQ			113.23151
apex-paeruginosa	GLRWIWKIWRRL			55.881676
apex-paeruginosa	GNNRPVYIPQPRPHPRL			123.83776
apex-paeruginosa	GRFRRLRKKTRKRLKKIGKVLKWIPPIVGSIPLGCG			31.024134
apex-paeruginosa	GSKKPVPIIYCNRRTGKCQRF			119.19859
apex-paeruginosa	GSKKPVPIIYCNRRTGKCQRM			125.82013
apex-paeruginosa	GSKKPVPIIYTNRRTGKCQRM			130.00058
apex-paeruginosa	GVAKKLWIAAKKPAGAGSKFKLL			49.70466
apex-paeruginosa	GVGKKLWFALKKPLGLVKFFKLL			49.772465
apex-paeruginosa	GVIDHLKGGAKDLAGHVATKVIKKI			125.7176
apex-paeruginosa	GVLDNLKSAAKDLAGHLATKVIKKI			126.42627
apex-paeruginosa	GWARRTVAKVRK			100.003174
apex-paeruginosa	GWWRRTVAKVRK			67.781296
apex-paeruginosa	HFLGKLVNLAKKIL			51.174957
apex-paeruginosa	HFLGTKVNLAKKIL			85.78175
apex-paeruginosa	HFLGTLVNLKKKIL			91.4456
apex-paeruginosa	HKLGTLVNLAKKIL			63.664795
apex-paeruginosa	IAKIAGKIAKIAGKIAKIAGKIA			66.203186
apex-paeruginosa	IDWKKLLDAAKQIL			104.24094
apex-paeruginosa	IDWKKLLDPAKQIL			121.04731
apex-paeruginosa	IGKLFKRIHLRIKRFLRELVRQLR			30.660429
apex-paeruginosa	IGKLFKRIVERIRRFVRSFLRTLR			35.509926
apex-paeruginosa	ILGTILGLLKGL			62.174408
apex-paeruginosa	ILGTIPGLLKGL			122.38603
apex-paeruginosa	ILRKPWRIWRR			69.361084
apex-paeruginosa	KFFKRLLKSVRRAVKKFRKKPRLIGLSTLL			16.027475
apex-paeruginosa	KIAGKIAKIAGKIA			105.347404
apex-paeruginosa	KWKSFLKTFKSAEKTVLHTALKAISS			71.98999
apex-paeruginosa	KWKSFLKTFKSAVKTVLHTALKAISS			40.13529
apex-paeruginosa	LGLFKKLLRLILKGFKL			47.738396
apex-paeruginosa	LGLFLLLLRLILKGFKL			108.27316
apex-paeruginosa	LKKLLKLLKPLLKL			26.460312
apex-paeruginosa	LKKLLKLPKKLLKL			20.419743
apex-paeruginosa	LNALKKVFQGIHEAIKKI			86.95443
apex-paeruginosa	LNLKALLAVAKKIL			28.754398
apex-paeruginosa	LNLKKLLAVAKKI			36.62354
apex-paeruginosa	LNLKKLLKVAKKIL			13.9168825
apex-paeruginosa	LVKRFKKFFRKLKKSVK			33.81727
apex-paeruginosa	RFRRLRKKKRKRLKKI			42.068817
apex-paeruginosa	RRIKPRPPRLPRPRPK			68.02046
apex-paeruginosa	RRIRPRPPRLPRPC			95.63699
apex-paeruginosa	SPRVAIRVARNGVAYRRAWG			99.34496
apex-paeruginosa	SPRVCIRVCRNGVCYRRCWG			115.774414
apex-paeruginosa	VDKPPYLPRPRPPRRIYNR			105.742386
apex-paeruginosa	VKRFKKFFRKLKKSV			55.817307
apex-paeruginosa	VRKPPYLPRPRWPRRIYNR			57.56739
apex-paeruginosa	VRRFPAAWPFLRR			112.621445
apex-paeruginosa	VRRFPWAAPFLRR			104.492386
apex-paeruginosa	VRRFPWWAPFLRR			90.43226
apex-paeruginosa	VRRFPWWYPFLRR			91.75731
apex-paeruginosa	WKSDVRRWRSRY			117.71376
apex-paeruginosa	WKSYVRRWRSR			104.50062
apex-saureus	AFFARLLASVRAAVKAFAKKPRLIGLSTLL			83.25311
apex-saureus	AGYLLGKINLKALAALAKKIL			35.509056
apex-saureus	AGYLLGKINLKPLAALAKKIL			55.852955
apex-saureus	AKVVNKLTGKVAGLLK			94.70467
apex-saureus	ASVVNKLTGGVAGLLK			120.92398
apex-saureus	DILIIVGGKERKKRRR			133.16699
apex-saureus	DILIIVGGKQRKKRRR			132.50482
apex-saureus	FFSLIPKLVKGLISAFK			32.577866
apex-saureus	FFSLIPSLVGGLISAFK			80.64581
apex-saureus	FIHHIIGALGHLF			16.1113
apex-saureus	FIKKIIGALGKLF			15.751154
apex-saureus	FLGGLIKIVPAMICAVTKKC			121.42326
apex-saureus	FLGGLIKPVPAMICAVRKKC			120.09659
apex-saureus	FLGGLIKRVPAMICAVRKKC			115.34804
apex-saureus	FLGGLMKAFPALICAVTKKC			119.58392
apex-saureus	FLGVVFKLASKVFPAVFKKV			54.309647
apex-saureus	FLGVVFKSASKVFPAVFGKV			101.79767
apex-saureus	FLPIEAKLLSGLL			47.610435
apex-saureus	FLPIIAGLAAKFLPKIFCKITKKC			80.082634
apex-saureus	FLPLIAGVAANFLPKIFCLISKKC			98.00789
apex-saureus	FLYIVAKLLSGLL			9.438522
apex-saureus	FPVTWGWWKWWKG			113.04783
apex-saureus	FSVTWRWWKWWKG			83.859726
apex-saureus	FWGALAKGALKLIPSLFSSFSKKD			114.77975
apex-saureus	GCKKYRRFRWKFKGKLFLFG			80.83682
apex-saureus	GFFKKAKRKVKKAFRRVL			88.095276
apex-saureus	GFFKKAKRKVKKAG			129.25964
apex-saureus	GIKKWLHKGKKFGKKFVKKIMNS			73.10981
apex-saureus	GIKKWLHSAKKFGKKFVKKIMNS			69.08553
apex-saureus	GIKKWLHSPKKFGKKFPKKIMNS			79.39304
apex-saureus	GILSGLLGAGKKIVCGLSGMC			133.94008
apex-saureus	GIMDTIKGAAKDLAGQLLDKLKCKITKC			134.83858
apex-saureus	GIMDTVKNAAKDLAGQLLDKLKCRITGC			132.41982
apex-saureus	GIWKTIKSMGKVFAGAILQNL			94.937195
apex-saureus	GIWKTIKSMGKVFAGKIKQNL			84.69351
apex-saureus	GKKYRRFWKFKGKWFWFWG			60.545536
apex-saureus	GKLGPLLKIAAKVGSKLL			31.059261
apex-saureus	GLFAIIKKIAESF			35.590916
apex-saureus	GLFAVIKKVASVIG			67.940735
apex-saureus	GLFAVIKKVASVIGG			74.6154
apex-saureus	GLFDIAKKIAESF			58.955334
apex-saureus	GLLGPLLKIAAKVGSNLL			65.63112
apex-saureus	GLLRGILGAGKKIVCGLSGLC			124.279335
apex-saureus	GLNALKKVFQGFHEAIKLINNHVQ			128.29193
apex-saureus	GLRWIWKIWRRL			33.709053
apex-saureus	GNNRPVYIPQPRPHPRL			132.83136
apex-saureus	GRFRRLRKKTRKRLKKIGKVLKWIPPIVGSIPLGCG			66.78685
apex-saureus	GSKKPVPIIYCNRRTGKCQRF			126.308075
apex-saureus	GSKKPVPIIYCNRRTGKCQRM			129.7768
apex-saureus	GSKKPVPIIYTNRRTGKCQRM			129.7266
apex-saureus	GVAKKLWIAAKKPAGAGSKFKLL			65.920296
apex-saureus	GVGKKLWFALKKPLGLVKFFKLL			46.39409
apex-saureus	GVIDHLKGGAKDLAGHVATKVIKKI			131.9477
apex-saureus	GVLDNLKSAAKDLAGHLATKVIKKI			133.57744
apex-saureus	GWARRTVAKVRK			125.06184
apex-saureus	GWWRRTVAKVRK			95.180374
apex-saureus	HFLGKLVNLAKKIL			17.907509
apex-saureus	HFLGTKVNLAKKIL			63.813717
apex-saureus	HFLGTLVNLKKKIL			40.29809
apex-saureus	HKLGTLVNLAKKIL			47.019386
apex-saureus	IAKIAGKIAKIAGKIAKIAGKIA			80.05623
apex-saureus	IDWKKLLDAAKQIL			101.375916
apex-saureus	IDWKKLLDPAKQIL			126.33961
apex-saureus	IGKLFKRIHLRIKRFLRELVRQLR			84.97197
apex-saureus	IGKLFKRIVERIRRFVRSFLRTLR			68.54971
apex-saureus	ILGTILGLLKGL			21.204672
apex-saureus	ILGTIPGLLKGL			59.924057
apex-saureus	ILRKPWRIWRR			88.01792
apex-saureus	KFFKRLLKSVRRAVKKFRKKPRLIGLSTLL			43.070206
apex-saureus	KIAGKIAKIAGKIA			113.286835
apex-saureus	KWKSFLKTFKSAEKTVLHTALKAISS			91.7784
apex-saureus	KWKSFLKTFKSAVKTVLHTALKAISS			52.01992
apex-saureus	LGLFKKLLRLILKGFKL			42.34791
apex-saureus	LGLFLLLLRLILKGFKL			30.20364
apex-saureus	LKKLLKLLKPLLKL			43.60927
apex-saureus	LKKLLKLPKKLLKL			56.7588
apex-saureus	LNALKKVFQGIHEAIKKI			117.01772
apex-saureus	LNLKALLAVAKKIL			15.044721
apex-saureus	LNLKKLLAVAKKI			47.171196
apex-saureus	LNLKKLLKVAKKIL			24.322605
apex-saureus	LVKRFKKFFRKLKKSVK			80.128265
apex-saureus	RFRRLRKKKRKRLKKI			83.69026
apex-saureus	RRIKPRPPRLPRPRPK			122.68266
apex-saureus	RRIRPRPPRLPRPC			132.33281
apex-saureus	SPRVAIRVARNGVAYRRAWG			111.045
apex-saureus	SPRVCIRVCRNGVCYRRCWG			121.79854
apex-saureus	VDKPPYLPRPRPPRRIYNR			122.43121
apex-saureus	VKRFKKFFRKLKKSV			91.94441
apex-saureus	VRKPPYLPRPRWPRRIYNR			87.73221
apex-saureus	VRRFPAAWPFLRR			122.94949
apex-saureus	VRRFPWAAPFLRR			112.00939
apex-saureus	VRRFPWWAPFLRR			97.35233
apex-saureus	VRRFPWWYPFLRR			91.77327
apex-saureus	WKSDVRRWRSRY			145.24948
apex-saureus	WKSYVRRWRSR			114.5948
deep-amp-cnn-gramneg	AFFARLLASVRAAVKAFAKKPRLIGLSTLL			11.9901
deep-amp-cnn-gramneg	AGYLLGKINLKALAALAKKIL			17.1758
deep-amp-cnn-gramneg	AGYLLGKINLKPLAALAKKIL			21.1669
deep-amp-cnn-gramneg	AKVVNKLTGKVAGLLK			25.8101
deep-amp-cnn-gramneg	ASVVNKLTGGVAGLLK			22.5877
deep-amp-cnn-gramneg	DILIIVGGKERKKRRR			30.3003
deep-amp-cnn-gramneg	DILIIVGGKQRKKRRR			28.6046
deep-amp-cnn-gramneg	FFSLIPKLVKGLISAFK			4.2565
deep-amp-cnn-gramneg	FFSLIPSLVGGLISAFK			7.4796
deep-amp-cnn-gramneg	FIHHIIGALGHLF			7.1541
deep-amp-cnn-gramneg	FIKKIIGALGKLF			5.0368
deep-amp-cnn-gramneg	FLGGLIKIVPAMICAVTKKC			8.7554
deep-amp-cnn-gramneg	FLGGLIKPVPAMICAVRKKC			11.7689
deep-amp-cnn-gramneg	FLGGLIKRVPAMICAVRKKC			6.1385
deep-amp-cnn-gramneg	FLGGLMKAFPALICAVTKKC			7.3768
deep-amp-cnn-gramneg	FLGVVFKLASKVFPAVFKKV			8.0037
deep-amp-cnn-gramneg	FLGVVFKSASKVFPAVFGKV			76.8197
deep-amp-cnn-gramneg	FLPIEAKLLSGLL			20.4527
deep-amp-cnn-gramneg	FLPIIAGLAAKFLPKIFCKITKKC			3.2355
deep-amp-cnn-gramneg	FLPLIAGVAANFLPKIFCLISKKC			3.799
deep-amp-cnn-gramneg	FLYIVAKLLSGLL			5.2526
deep-amp-cnn-gramneg	FPVTWGWWKWWKG			13.6812
deep-amp-cnn-gramneg	FSVTWRWWKWWKG			3.8127
deep-amp-cnn-gramneg	FWGALAKGALKLIPSLFSSFSKKD			12.7931
deep-amp-cnn-gramneg	GCKKYRRFRWKFKGKLFLFG			14.3227
deep-amp-cnn-gramneg	GFFKKAKRKVKKAFRRVL			7.1168
deep-amp-cnn-gramneg	GFFKKAKRKVKKAG			35.9963
deep-amp-cnn-gramneg	GIKKWLHKGKKFGKKFVKKIMNS			4.6012
deep-amp-cnn-gramneg	GIKKWLHSAKKFGKKFVKKIMNS			4.5633
deep-amp-cnn-gramneg	GIKKWLHSPKKFGKKFPKKIMNS			5.6407
deep-amp-cnn-gramneg	GILSGLLGAGKKIVCGLSGMC			8.6341
deep-amp-cnn-gramneg	GIMDTIKGAAKDLAGQLLDKLKCKITKC			40.7288
deep-amp-cnn-gramneg	GIMDTVKNAAKDLAGQLLDKLKCRITGC			24.3846
deep-amp-cnn-gramneg	GIWKTIKSMGKVFAGAILQNL			6.2241
deep-amp-cnn-gramneg	GIWKTIKSMGKVFAGKIKQNL			14.1588
deep-amp-cnn-gramneg	GKKYRRFWKFKGKWFWFWG			11.8135
deep-amp-cnn-gramneg	GKLGPLLKIAAKVGSKLL			5.3449
deep-amp-cnn-gramneg	GLFAIIKKIAESF			35.3337
deep-amp-cnn-gramneg	GLFAVIKKVASVIG			12.9039
deep-amp-cnn-gramneg	GLFAVIKKVASVIGG			23.5918
deep-amp-cnn-gramneg	GLFDIAKKIAESF			68.368
deep-amp-cnn-gramneg	GLLGPLLKIAAKVGSNLL			8.5676
deep-amp-cnn-gramneg	GLLRGILGAGKKIVCGLSGLC			4.4965
deep-amp-cnn-gramneg	GLNALKKVFQGFHEAIKLINNHVQ			50.8121
deep-amp-cnn-gramneg	GLRWIWKIWRRL			3.0907
deep-amp-cnn-gramneg	GNNRPVYIPQPRPHPRL			43.9433
deep-amp-cnn-gramneg	GRFRRLRKKTRKRLKKIGKVLKWIPPIVGSIPLGCG			5.6084
deep-amp-cnn-gramneg	GSKKPVPIIYCNRRTGKCQRF			11.0102
deep-amp-cnn-gramneg	GSKKPVPIIYCNRRTGKCQRM			16.707
deep-amp-cnn-gramneg	GSKKPVPIIYTNRRTGKCQRM			9.9448
deep-amp-cnn-gramneg	GVAKKLWIAAKKPAGAGSKFKLL			6.8025
deep-amp-cnn-gramneg	GVGKKLWFALKKPLGLVKFFKLL			5.443
deep-amp-cnn-gramneg	GVIDHLKGGAKDLAGHVATKVIKKI			81.9066
deep-amp-cnn-gramneg	GVLDNLKSAAKDLAGHLATKVIKKI			62.2414
deep-amp-cnn-gramneg	GWARRTVAKVRK			11.0361
deep-amp-cnn-gramneg	GWWRRTVAKVRK			5.5768
deep-amp-cnn-gramneg	HFLGKLVNLAKKIL			13.4402
deep-amp-cnn-gramneg	HFLGTKVNLAKKIL			24.8986
deep-amp-cnn-gramneg	HFLGTLVNLKKKIL			32.9472
deep-amp-cnn-gramneg	HKLGTLVNLAKKIL			33.1351
deep-amp-cnn-gramneg	IAKIAGKIAKIAGKIAKIAGKIA			4.2078
deep-amp-cnn-gramneg	IDWKKLLDAAKQIL			22.7115
deep-amp-cnn-gramneg	IDWKKLLDPAKQIL			72.6565
deep-amp-cnn-gramneg	IGKLFKRIHLRIKRFLRELVRQLR			4.304
deep-amp-cnn-gramneg	IGKLFKRIVERIRRFVRSFLRTLR			3.7595
deep-amp-cnn-gramneg	ILGTILGLLKGL			6.9015
deep-amp-cnn-gramneg	ILGTIPGLLKGL			10.4957
deep-amp-cnn-gramneg	ILRKPWRIWRR			4.4686
deep-amp-cnn-gramneg	KFFKRLLKSVRRAVKKFRKKPRLIGLSTLL			4.0524
deep-amp-cnn-gramneg	KIAGKIAKIAGKIA			65.1779
deep-amp-cnn-gramneg	KWKSFLKTFKSAEKTVLHTALKAISS			6.63
deep-amp-cnn-gramneg	KWKSFLKTFKSAVKTVLHTALKAISS			4.4314
deep-amp-cnn-gramneg	LGLFKKLLRLILKGFKL			6.0339
deep-amp-cnn-gramneg	LGLFLLLLRLILKGFKL			4.5223
deep-amp-cnn-gramneg	LKKLLKLLKPLLKL			5.582
deep-amp-cnn-gramneg	LKKLLKLPKKLLKL			12.1264
deep-amp-cnn-gramneg	LNALKKVFQGIHEAIKKI			19.8482
deep-amp-cnn-gramneg	LNLKALLAVAKKIL			17.4689
deep-amp-cnn-gramneg	LNLKKLLAVAKKI			41.9313
deep-amp-cnn-gramneg	LNLKKLLKVAKKIL			7.1497
deep-amp-cnn-gramneg	LVKRFKKFFRKLKKSVK			5.6994
deep-amp-cnn-gramneg	RFRRLRKKKRKRLKKI			31.8052
deep-amp-cnn-gramneg	RRIKPRPPRLPRPRPK			70.8955
deep-amp-cnn-gramneg	RRIRPRPPRLPRPC			38.9701
deep-amp-cnn-gramneg	SPRVAIRVARNGVAYRRAWG			4.4401
deep-amp-cnn-gramneg	SPRVCIRVCRNGVCYRRCWG			8.275
deep-amp-cnn-gramneg	VDKPPYLPRPRPPRRIYNR			28.3773
deep-amp-cnn-gramneg	VKRFKKFFRKLKKSV			5.6381
deep-amp-cnn-gramneg	VRKPPYLPRPRWPRRIYNR			5.0813
deep-amp-cnn-gramneg	VRRFPAAWPFLRR			17.3493
deep-amp-cnn-gramneg	VRRFPWAAPFLRR			9.1937
deep-amp-cnn-gramneg	VRRFPWWAPFLRR			7.1165
deep-amp-cnn-gramneg	VRRFPWWYPFLRR			3.4851
deep-amp-cnn-gramneg	WKSDVRRWRSRY			13.6373
deep-amp-cnn-gramneg	WKSYVRRWRSR			7.1455
deep-amp-cnn-grampos	AFFARLLASVRAAVKAFAKKPRLIGLSTLL			2.9671
deep-amp-cnn-grampos	AGYLLGKINLKALAALAKKIL			2.8341
deep-amp-cnn-grampos	AGYLLGKINLKPLAALAKKIL			3.3018
deep-amp-cnn-grampos	AKVVNKLTGKVAGLLK			3.8709
deep-amp-cnn-grampos	ASVVNKLTGGVAGLLK			5.6337
deep-amp-cnn-grampos	DILIIVGGKERKKRRR			5.7285
deep-amp-cnn-grampos	DILIIVGGKQRKKRRR			8.8786
deep-amp-cnn-grampos	FFSLIPKLVKGLISAFK			8.7235
deep-amp-cnn-grampos	FFSLIPSLVGGLISAFK			27.8931
deep-amp-cnn-grampos	FIHHIIGALGHLF			5.4725
deep-amp-cnn-grampos	FIKKIIGALGKLF			3.7531
deep-amp-cnn-grampos	FLGGLIKIVPAMICAVTKKC			5.7311
deep-amp-cnn-grampos	FLGGLIKPVPAMICAVRKKC			18.2163
deep-amp-cnn-grampos	FLGGLIKRVPAMICAVRKKC			17.2882
deep-amp-cnn-grampos	FLGGLMKAFPALICAVTKKC			25.2582
deep-amp-cnn-grampos	FLGVVFKLASKVFPAVFKKV			8.4618
deep-amp-cnn-grampos	FLGVVFKSASKVFPAVFGKV			45.5857
deep-amp-cnn-grampos	FLPIEAKLLSGLL			26.5445
deep-amp-cnn-grampos	FLPIIAGLAAKFLPKIFCKITKKC			11.9404
deep-amp-cnn-grampos	FLPLIAGVAANFLPKIFCLISKKC			12.2782
deep-amp-cnn-grampos	FLYIVAKLLSGLL			17.0241
deep-amp-cnn-grampos	FPVTWGWWKWWKG			9.7312
deep-amp-cnn-grampos	FSVTWRWWKWWKG			7.9126
deep-amp-cnn-grampos	FWGALAKGALKLIPSLFSSFSKKD			6.9632
deep-amp-cnn-grampos	GCKKYRRFRWKFKGKLFLFG			13.6947
deep-amp-cnn-grampos	GFFKKAKRKVKKAFRRVL			3.7
deep-amp-cnn-grampos	GFFKKAKRKVKKAG			3.917
deep-amp-cnn-grampos	GIKKWLHKGKKFGKKFVKKIMNS			4.0112
deep-amp-cnn-grampos	GIKKWLHSAKKFGKKFVKKIMNS			3.0265
deep-amp-cnn-grampos	GIKKWLHSPKKFGKKFPKKIMNS			3.9872
deep-amp-cnn-grampos	GILSGLLGAGKKIVCGLSGMC			3.0195
deep-amp-cnn-grampos	GIMDTIKGAAKDLAGQLLDKLKCKITKC			18.5982
deep-amp-cnn-grampos	GIMDTVKNAAKDLAGQLLDKLKCRITGC			12.2917
deep-amp-cnn-grampos	GIWKTIKSMGKVFAGAILQNL			6.9883
deep-amp-cnn-grampos	GIWKTIKSMGKVFAGKIKQNL			3.4518
deep-amp-cnn-grampos	GKKYRRFWKFKGKWFWFWG			14.2995
deep-amp-cnn-grampos	GKLGPLLKIAAKVGSKLL			3.1316
deep-amp-cnn-grampos	GLFAIIKKIAESF			40.7774
deep-amp-cnn-grampos	GLFAVIKKVASVIG			27.4756
deep-amp-cnn-grampos	GLFAVIKKVASVIGG			32.3136
deep-amp-cnn-grampos	GLFDIAKKIAESF			52.3139
deep-amp-cnn-grampos	GLLGPLLKIAAKVGSNLL			4.477
deep-amp-cnn-grampos	GLLRGILGAGKKIVCGLSGLC			3.0914
deep-amp-cnn-grampos	GLNALKKVFQGFHEAIKLINNHVQ			20.2597
deep-amp-cnn-grampos	GLRWIWKIWRRL			4.8336
deep-amp-cnn-grampos	GNNRPVYIPQPRPHPRL			2.4841
deep-amp-cnn-grampos	GRFRRLRKKTRKRLKKIGKVLKWIPPIVGSIPLGCG			2.7339
deep-amp-cnn-grampos	GSKKPVPIIYCNRRTGKCQRF			2.1692
deep-amp-cnn-grampos	GSKKPVPIIYCNRRTGKCQRM			2.7743
deep-amp-cnn-grampos	GSKKPVPIIYTNRRTGKCQRM			4.567
deep-amp-cnn-grampos	GVAKKLWIAAKKPAGAGSKFKLL			3.493
deep-amp-cnn-grampos	GVGKKLWFALKKPLGLVKFFKLL			2.7145
deep-amp-cnn-grampos	GVIDHLKGGAKDLAGHVATKVIKKI			11.9574
deep-amp-cnn-grampos	GVLDNLKSAAKDLAGHLATKVIKKI			16.4871
deep-amp-cnn-grampos	GWARRTVAKVRK			4.2069
deep-amp-cnn-grampos	GWWRRTVAKVRK			4.2478
deep-amp-cnn-grampos	HFLGKLVNLAKKIL			3.6914
deep-amp-cnn-grampos	HFLGTKVNLAKKIL			5.2075
deep-amp-cnn-grampos	HFLGTLVNLKKKIL			6.4484
deep-amp-cnn-grampos	HKLGTLVNLAKKIL			3.2649
deep-amp-cnn-grampos	IAKIAGKIAKIAGKIAKIAGKIA			3.2842
deep-amp-cnn-grampos	IDWKKLLDAAKQIL			3.5604
deep-amp-cnn-grampos	IDWKKLLDPAKQIL			9.2545
deep-amp-cnn-grampos	IGKLFKRIHLRIKRFLRELVRQLR			4.782
deep-amp-cnn-grampos	IGKLFKRIVERIRRFVRSFLRTLR			2.9866
deep-amp-cnn-grampos	ILGTILGLLKGL			5.1677
deep-amp-cnn-grampos	ILGTIPGLLKGL			9.4754
deep-amp-cnn-grampos	ILRKPWRIWRR			6.0533
deep-amp-cnn-grampos	KFFKRLLKSVRRAVKKFRKKPRLIGLSTLL			3.1732
deep-amp-cnn-grampos	KIAGKIAKIAGKIA			8.5007
deep-amp-cnn-grampos	KWKSFLKTFKSAEKTVLHTALKAISS			0.8796
deep-amp-cnn-grampos	KWKSFLKTFKSAVKTVLHTALKAISS			0.7971
deep-amp-cnn-grampos	LGLFKKLLRLILKGFKL			3.456
deep-amp-cnn-grampos	LGLFLLLLRLILKGFKL			4.8875
deep-amp-cnn-grampos	LKKLLKLLKPLLKL			4.3093
deep-amp-cnn-grampos	LKKLLKLPKKLLKL			3.7034
deep-amp-cnn-grampos	LNALKKVFQGIHEAIKKI			4.2297
deep-amp-cnn-grampos	LNLKALLAVAKKIL			8.8241
deep-amp-cnn-grampos	LNLKKLLAVAKKI			6.2724
deep-amp-cnn-grampos	LNLKKLLKVAKKIL			3.2086
deep-amp-cnn-grampos	LVKRFKKFFRKLKKSVK			5.9209
deep-amp-cnn-grampos	RFRRLRKKKRKRLKKI			11.663
deep-amp-cnn-grampos	RRIKPRPPRLPRPRPK			3.9638
deep-amp-cnn-grampos	RRIRPRPPRLPRPC			11.6888
deep-amp-cnn-grampos	SPRVAIRVARNGVAYRRAWG			3.581
deep-amp-cnn-grampos	SPRVCIRVCRNGVCYRRCWG			2.568
deep-amp-cnn-grampos	VDKPPYLPRPRPPRRIYNR			3.2682
deep-amp-cnn-grampos	VKRFKKFFRKLKKSV			4.133
deep-amp-cnn-grampos	VRKPPYLPRPRWPRRIYNR			2.9031
deep-amp-cnn-grampos	VRRFPAAWPFLRR			4.816
deep-amp-cnn-grampos	VRRFPWAAPFLRR			4.0861
deep-amp-cnn-grampos	VRRFPWWAPFLRR			3.1467
deep-amp-cnn-grampos	VRRFPWWYPFLRR			3.3347
deep-amp-cnn-grampos	WKSDVRRWRSRY			7.398
deep-amp-cnn-grampos	WKSYVRRWRSR			7.408
deep-amp-lstm-gramneg	AFFARLLASVRAAVKAFAKKPRLIGLSTLL			1.4998
deep-amp-lstm-gramneg	AGYLLGKINLKALAALAKKIL			5.6251
deep-amp-lstm-gramneg	AGYLLGKINLKPLAALAKKIL			37.7235
deep-amp-lstm-gramneg	AKVVNKLTGKVAGLLK			1.9152
deep-amp-lstm-gramneg	ASVVNKLTGGVAGLLK			3.0632
deep-amp-lstm-gramneg	DILIIVGGKERKKRRR			14639.4727
deep-amp-lstm-gramneg	DILIIVGGKQRKKRRR			1653.5231
deep-amp-lstm-gramneg	FFSLIPKLVKGLISAFK			0.7857
deep-amp-lstm-gramneg	FFSLIPSLVGGLISAFK			6.195
deep-amp-lstm-gramneg	FIHHIIGALGHLF			3.8899
deep-amp-lstm-gramneg	FIKKIIGALGKLF			2.0365
deep-amp-lstm-gramneg	FLGGLIKIVPAMICAVTKKC			1.436
deep-amp-lstm-gramneg	FLGGLIKPVPAMICAVRKKC			2.2996
deep-amp-lstm-gramneg	FLGGLIKRVPAMICAVRKKC			2.0985
deep-amp-lstm-gramneg	FLGGLMKAFPALICAVTKKC			3.8579
deep-amp-lstm-gramneg	FLGVVFKLASKVFPAVFKKV			0.5606
deep-amp-lstm-gramneg	FLGVVFKSASKVFPAVFGKV			4.1403
deep-amp-lstm-gramneg	FLPIEAKLLSGLL			0.5994
deep-amp-lstm-gramneg	FLPIIAGLAAKFLPKIFCKITKKC			0.9867
deep-amp-lstm-gramneg	FLPLIAGVAANFLPKIFCLISKKC			0.9673
deep-amp-lstm-gramneg	FLYIVAKLLSGLL			0.3317
deep-amp-lstm-gramneg	FPVTWGWWKWWKG			35.5961
deep-amp-lstm-gramneg	FSVTWRWWKWWKG			6.2207
deep-amp-lstm-gramneg	FWGALAKGALKLIPSLFSSFSKKD			2.069
deep-amp-lstm-gramneg	GCKKYRRFRWKFKGKLFLFG			97.7338
deep-amp-lstm-gramneg	GFFKKAKRKVKKAFRRVL			2.0892
deep-amp-lstm-gramneg	GFFKKAKRKVKKAG			1.4723
deep-amp-lstm-gramneg	GIKKWLHKGKKFGKKFVKKIMNS			25.2987
deep-amp-lstm-gramneg	GIKKWLHSAKKFGKKFVKKIMNS			17.8844
deep-amp-lstm-gramneg	GIKKWLHSPKKFGKKFPKKIMNS			4.9984
deep-amp-lstm-gramneg	GILSGLLGAGKKIVCGLSGMC			0.3371
deep-amp-lstm-gramneg	GIMDTIKGAAKDLAGQLLDKLKCKITKC			104.5636
deep-amp-lstm-gramneg	GIMDTVKNAAKDLAGQLLDKLKCRITGC			36.7713
deep-amp-lstm-gramneg	GIWKTIKSMGKVFAGAILQNL			2.7376
deep-amp-lstm-gramneg	GIWKTIKSMGKVFAGKIKQNL			0.6842
deep-amp-lstm-gramneg	GKKYRRFWKFKGKWFWFWG			35.9714
deep-amp-lstm-gramneg	GKLGPLLKIAAKVGSKLL			1.367
deep-amp-lstm-gramneg	GLFAIIKKIAESF			43.8157
deep-amp-lstm-gramneg	GLFAVIKKVASVIG			1.4931
deep-amp-lstm-gramneg	GLFAVIKKVASVIGG			0.7178
deep-amp-lstm-gramneg	GLFDIAKKIAESF			187.9016
deep-amp-lstm-gramneg	GLLGPLLKIAAKVGSNLL			12.5841
deep-amp-lstm-gramneg	GLLRGILGAGKKIVCGLSGLC			0.1693
deep-amp-lstm-gramneg	GLNALKKVFQGFHEAIKLINNHVQ			181.6306
deep-amp-lstm-gramneg	GLRWIWKIWRRL			1.127
deep-amp-lstm-gramneg	GNNRPVYIPQPRPHPRL			19.3655
deep-amp-lstm-gramneg	GRFRRLRKKTRKRLKKIGKVLKWIPPIVGSIPLGCG			1.7039
deep-amp-lstm-gramneg	GSKKPVPIIYCNRRTGKCQRF			59.9314
deep-amp-lstm-gramneg	GSKKPVPIIYCNRRTGKCQRM			77.0019
deep-amp-lstm-gramneg	GSKKPVPIIYTNRRTGKCQRM			94.2098
deep-amp-lstm-gramneg	GVAKKLWIAAKKPAGAGSKFKLL			9.2861
deep-amp-lstm-gramneg	GVGKKLWFALKKPLGLVKFFKLL			2.4219
deep-amp-lstm-gramneg	GVIDHLKGGAKDLAGHVATKVIKKI			32.434
deep-amp-lstm-gramneg	GVLDNLKSAAKDLAGHLATKVIKKI			25.9324
deep-amp-lstm-gramneg	GWARRTVAKVRK			14.7817
deep-amp-lstm-gramneg	GWWRRTVAKVRK			4.7933
deep-amp-lstm-gramneg	HFLGKLVNLAKKIL			0.5441
deep-amp-lstm-gramneg	HFLGTKVNLAKKIL			4.5365
deep-amp-lstm-gramneg	HFLGTLVNLKKKIL			10.8399
deep-amp-lstm-gramneg	HKLGTLVNLAKKIL			181.7584
deep-amp-lstm-gramneg	IAKIAGKIAKIAGKIAKIAGKIA			1.4383
deep-amp-lstm-gramneg	IDWKKLLDAAKQIL			8.3692
deep-amp-lstm-gramneg	IDWKKLLDPAKQIL			17.8809
deep-amp-lstm-gramneg	IGKLFKRIHLRIKRFLRELVRQLR			5.0067
deep-amp-lstm-gramneg	IGKLFKRIVERIRRFVRSFLRTLR			4.9722
deep-amp-lstm-gramneg	ILGTILGLLKGL			4.733
deep-amp-lstm-gramneg	ILGTIPGLLKGL			13.2207
deep-amp-lstm-gramneg	ILRKPWRIWRR			0.6366
deep-amp-lstm-gramneg	KFFKRLLKSVRRAVKKFRKKPRLIGLSTLL			18.893
deep-amp-lstm-gramneg	KIAGKIAKIAGKIA			0.6601
deep-amp-lstm-gramneg	KWKSFLKTFKSAEKTVLHTALKAISS			4.165
deep-amp-lstm-gramneg	KWKSFLKTFKSAVKTVLHTALKAISS			0.4359
deep-amp-lstm-gramneg	LGLFKKLLRLILKGFKL			1.1885
deep-amp-lstm-gramneg	LGLFLLLLRLILKGFKL			4.7285
deep-amp-lstm-gramneg	LKKLLKLLKPLLKL			110.9447
deep-amp-lstm-gramneg	LKKLLKLPKKLLKL			26.5764
deep-amp-lstm-gramneg	LNALKKVFQGIHEAIKKI			37.1724
deep-amp-lstm-gramneg	LNLKALLAVAKKIL			14626.7158
deep-amp-lstm-gramneg	LNLKKLLAVAKKI			14691.4336
deep-amp-lstm-gramneg	LNLKKLLKVAKKIL			3.2418
deep-amp-lstm-gramneg	LVKRFKKFFRKLKKSVK			19.911
deep-amp-lstm-gramneg	RFRRLRKKKRKRLKKI			117.3175
deep-amp-lstm-gramneg	RRIKPRPPRLPRPRPK			0.305
deep-amp-lstm-gramneg	RRIRPRPPRLPRPC			1.407
deep-amp-lstm-gramneg	SPRVAIRVARNGVAYRRAWG			7.5603
deep-amp-lstm-gramneg	SPRVCIRVCRNGVCYRRCWG			5.8612
deep-amp-lstm-gramneg	VDKPPYLPRPRPPRRIYNR			47.1466
deep-amp-lstm-gramneg	VKRFKKFFRKLKKSV			8.8708
deep-amp-lstm-gramneg	VRKPPYLPRPRWPRRIYNR			25.9778
deep-amp-lstm-gramneg	VRRFPAAWPFLRR			2.4253
deep-amp-lstm-gramneg	VRRFPWAAPFLRR			1.1496
deep-amp-lstm-gramneg	VRRFPWWAPFLRR			1.3382
deep-amp-lstm-gramneg	VRRFPWWYPFLRR			0.3114
deep-amp-lstm-gramneg	WKSDVRRWRSRY			132.5717
deep-amp-lstm-gramneg	WKSYVRRWRSR			171.3333
deep-amp-lstm-grampos	AFFARLLASVRAAVKAFAKKPRLIGLSTLL			56.3801
deep-amp-lstm-grampos	AGYLLGKINLKALAALAKKIL			34.4718
deep-amp-lstm-grampos	AGYLLGKINLKPLAALAKKIL			30.7588
deep-amp-lstm-grampos	AKVVNKLTGKVAGLLK			9.2797
deep-amp-lstm-grampos	ASVVNKLTGGVAGLLK			17.6297
deep-amp-lstm-grampos	DILIIVGGKERKKRRR			16.5488
deep-amp-lstm-grampos	DILIIVGGKQRKKRRR			20.6202
deep-amp-lstm-grampos	FFSLIPKLVKGLISAFK			10.541
deep-amp-lstm-grampos	FFSLIPSLVGGLISAFK			12915.9092
deep-amp-lstm-grampos	FIHHIIGALGHLF			38.2822
deep-amp-lstm-grampos	FIKKIIGALGKLF			26.8342
deep-amp-lstm-grampos	FLGGLIKIVPAMICAVTKKC			13.1761
deep-amp-lstm-grampos	FLGGLIKPVPAMICAVRKKC			149.8446
deep-amp-lstm-grampos	FLGGLIKRVPAMICAVRKKC			14.7056
deep-amp-lstm-grampos	FLGGLMKAFPALICAVTKKC			26.7617
deep-amp-lstm-grampos	FLGVVFKLASKVFPAVFKKV			35.8282
deep-amp-lstm-grampos	FLGVVFKSASKVFPAVFGKV			286.1879
deep-amp-lstm-grampos	FLPIEAKLLSGLL			10387.749
deep-amp-lstm-grampos	FLPIIAGLAAKFLPKIFCKITKKC			20.5818
deep-amp-lstm-grampos	FLPLIAGVAANFLPKIFCLISKKC			2763.1416
deep-amp-lstm-grampos	FLYIVAKLLSGLL			10866.5293
deep-amp-lstm-grampos	FPVTWGWWKWWKG			18.0829
deep-amp-lstm-grampos	FSVTWRWWKWWKG			15.5492
deep-amp-lstm-grampos	FWGALAKGALKLIPSLFSSFSKKD			35.6943
deep-amp-lstm-grampos	GCKKYRRFRWKFKGKLFLFG			7.8105
deep-amp-lstm-grampos	GFFKKAKRKVKKAFRRVL			3.4979
deep-amp-lstm-grampos	GFFKKAKRKVKKAG			9.3313
deep-amp-lstm-grampos	GIKKWLHKGKKFGKKFVKKIMNS			12.9061
deep-amp-lstm-grampos	GIKKWLHSAKKFGKKFVKKIMNS			3.9253
deep-amp-lstm-grampos	GIKKWLHSPKKFGKKFPKKIMNS			12.1846
deep-amp-lstm-grampos	GILSGLLGAGKKIVCGLSGMC			14.8775
deep-amp-lstm-grampos	GIMDTIKGAAKDLAGQLLDKLKCKITKC			111.6637
deep-amp-lstm-grampos	GIMDTVKNAAKDLAGQLLDKLKCRITGC			8.4155
deep-amp-lstm-grampos	GIWKTIKSMGKVFAGAILQNL			13.9513
deep-amp-lstm-grampos	GIWKTIKSMGKVFAGKIKQNL			14.2837
deep-amp-lstm-grampos	GKKYRRFWKFKGKWFWFWG			154.1727
deep-amp-lstm-grampos	GKLGPLLKIAAKVGSKLL			12.0212
deep-amp-lstm-grampos	GLFAIIKKIAESF			39.7377
deep-amp-lstm-grampos	GLFAVIKKVASVIG			29.795
deep-amp-lstm-grampos	GLFAVIKKVASVIGG			43.372
deep-amp-lstm-grampos	GLFDIAKKIAESF			24.1893
deep-amp-lstm-grampos	GLLGPLLKIAAKVGSNLL			12.4007
deep-amp-lstm-grampos	GLLRGILGAGKKIVCGLSGLC			19.9454
deep-amp-lstm-grampos	GLNALKKVFQGFHEAIKLINNHVQ			338.8148
deep-amp-lstm-grampos	GLRWIWKIWRRL			3.7672
deep-amp-lstm-grampos	GNNRPVYIPQPRPHPRL			3.0175
deep-amp-lstm-grampos	GRFRRLRKKTRKRLKKIGKVLKWIPPIVGSIPLGCG			4.789
deep-amp-lstm-grampos	GSKKPVPIIYCNRRTGKCQRF			19.2672
deep-amp-lstm-grampos	GSKKPVPIIYCNRRTGKCQRM			20.8079
deep-amp-lstm-grampos	GSKKPVPIIYTNRRTGKCQRM			6.853
deep-amp-lstm-grampos	GVAKKLWIAAKKPAGAGSKFKLL			162.9822
deep-amp-lstm-grampos	GVGKKLWFALKKPLGLVKFFKLL			14.0192
deep-amp-lstm-grampos	GVIDHLKGGAKDLAGHVATKVIKKI			12.3385
deep-amp-lstm-grampos	GVLDNLKSAAKDLAGHLATKVIKKI			13.8995
deep-amp-lstm-grampos	GWARRTVAKVRK			12.9297
deep-amp-lstm-grampos	GWWRRTVAKVRK			8.7899
deep-amp-lstm-grampos	HFLGKLVNLAKKIL			2996.5769
deep-amp-lstm-grampos	HFLGTKVNLAKKIL			10289.1084
deep-amp-lstm-grampos	HFLGTLVNLKKKIL			10259.4854
deep-amp-lstm-grampos	HKLGTLVNLAKKIL			9611.6953
deep-amp-lstm-grampos	IAKIAGKIAKIAGKIAKIAGKIA			62.0771
deep-amp-lstm-grampos	IDWKKLLDAAKQIL			10.5218
deep-amp-lstm-grampos	IDWKKLLDPAKQIL			9.9481
deep-amp-lstm-grampos	IGKLFKRIHLRIKRFLRELVRQLR			9.5063
deep-amp-lstm-grampos	IGKLFKRIVERIRRFVRSFLRTLR			4.9762
deep-amp-lstm-grampos	ILGTILGLLKGL			18.8568
deep-amp-lstm-grampos	ILGTIPGLLKGL			25.7612
deep-amp-lstm-grampos	ILRKPWRIWRR			7.1253
deep-amp-lstm-grampos	KFFKRLLKSVRRAVKKFRKKPRLIGLSTLL			3.3536
deep-amp-lstm-grampos	KIAGKIAKIAGKIA			62.8847
deep-amp-lstm-grampos	KWKSFLKTFKSAEKTVLHTALKAISS			0.6907
deep-amp-lstm-grampos	KWKSFLKTFKSAVKTVLHTALKAISS			0.5391
deep-amp-lstm-grampos	LGLFKKLLRLILKGFKL			3.2601
deep-amp-lstm-grampos	LGLFLLLLRLILKGFKL			6.8578
deep-amp-lstm-grampos	LKKLLKLLKPLLKL			9.9098
deep-amp-lstm-grampos	LKKLLKLPKKLLKL			10.1572
deep-amp-lstm-grampos	LNALKKVFQGIHEAIKKI			23.0083
deep-amp-lstm-grampos	LNLKALLAVAKKIL			9924.7393
deep-amp-lstm-grampos	LNLKKLLAVAKKI			10065.5205
deep-amp-lstm-grampos	LNLKKLLKVAKKIL			10869.4883
deep-amp-lstm-grampos	LVKRFKKFFRKLKKSVK			25.9466
deep-amp-lstm-grampos	RFRRLRKKKRKRLKKI			13.289
deep-amp-lstm-grampos	RRIKPRPPRLPRPRPK			6.7018
deep-amp-lstm-grampos	RRIRPRPPRLPRPC			3.8058
deep-amp-lstm-grampos	SPRVAIRVARNGVAYRRAWG			9.7997
deep-amp-lstm-grampos	SPRVCIRVCRNGVCYRRCWG			11.0489
deep-amp-lstm-grampos	VDKPPYLPRPRPPRRIYNR			6.8238
deep-amp-lstm-grampos	VKRFKKFFRKLKKSV			9.6005
deep-amp-lstm-grampos	VRKPPYLPRPRWPRRIYNR			4.2282
deep-amp-lstm-grampos	VRRFPAAWPFLRR			68.6061
deep-amp-lstm-grampos	VRRFPWAAPFLRR			47.0851
deep-amp-lstm-grampos	VRRFPWWAPFLRR			19.2234
deep-amp-lstm-grampos	VRRFPWWYPFLRR			8.082
deep-amp-lstm-grampos	WKSDVRRWRSRY			14.2194
deep-amp-lstm-grampos	WKSYVRRWRSR			22.1388
hydramp-amp-classifier	AGYLLGKINLKALAALAKKIL	AMP	0.9999906	
hydramp-amp-classifier	AGYLLGKINLKPLAALAKKIL	AMP	0.9999913	
hydramp-amp-classifier	AKVVNKLTGKVAGLLK	AMP	0.99406564	
hydramp-amp-classifier	ASVVNKLTGGVAGLLK	AMP	0.99942285	
hydramp-amp-classifier	DILIIVGGKERKKRRR	non-AMP	0.0026907325	
hydramp-amp-classifier	DILIIVGGKQRKKRRR	non-AMP	0.07420483	
hydramp-amp-classifier	FFSLIPKLVKGLISAFK	AMP	0.9999962	
hydramp-amp-classifier	FFSLIPSLVGGLISAFK	AMP	0.9999985	
hydramp-amp-classifier	FIHHIIGALGHLF	AMP	0.99999356	
hydramp-amp-classifier	FIKKIIGALGKLF	AMP	0.9999735	
hydramp-amp-classifier	FLGGLIKIVPAMICAVTKKC	AMP	0.9999948	
hydramp-amp-classifier	FLGGLIKPVPAMICAVRKKC	AMP	0.9999937	
hydramp-amp-classifier	FLGGLIKRVPAMICAVRKKC	AMP	0.9999949	
hydramp-amp-classifier	FLGGLMKAFPALICAVTKKC	AMP	0.9999988	
hydramp-amp-classifier	FLGVVFKLASKVFPAVFKKV	AMP	0.9999896	
hydramp-amp-classifier	FLGVVFKSASKVFPAVFGKV	AMP	0.9997827	
hydramp-amp-classifier	FLPIEAKLLSGLL	AMP	0.99956393	
hydramp-amp-classifier	FLPIIAGLAAKFLPKIFCKITKKC	AMP	0.99999976	
hydramp-amp-classifier	FLPLIAGVAANFLPKIFCLISKKC	AMP	0.99999976	
hydramp-amp-classifier	FLYIVAKLLSGLL	AMP	0.99921966	
hydramp-amp-classifier	FPVTWGWWKWWKG	AMP	0.99980676	
hydramp-amp-classifier	FSVTWRWWKWWKG	AMP	0.99986565	
hydramp-amp-classifier	FWGALAKGALKLIPSLFSSFSKKD	AMP	0.9999715	
hydramp-amp-classifier	GCKKYRRFRWKFKGKLFLFG	AMP	0.9901275	
hydramp-amp-classifier	GFFKKAKRKVKKAFRRVL	AMP	0.99999356	
hydramp-amp-classifier	GFFKKAKRKVKKAG	AMP	0.99916315	
hydramp-amp-classifier	GIKKWLHKGKKFGKKFVKKIMNS	AMP	0.99999815	
hydramp-amp-classifier	GIKKWLHSAKKFGKKFVKKIMNS	AMP	0.9999968	
hydramp-amp-classifier	GIKKWLHSPKKFGKKFPKKIMNS	AMP	0.99998677	
hydramp-amp-classifier	GILSGLLGAGKKIVCGLSGMC	AMP	0.9999911	
hydramp-amp-classifier	GIWKTIKSMGKVFAGAILQNL	AMP	0.99879706	
hydramp-amp-classifier	GIWKTIKSMGKVFAGKIKQNL	AMP	0.9995605	
hydramp-amp-classifier	GKKYRRFWKFKGKWFWFWG	AMP	0.97563756	
hydramp-amp-classifier	GKLGPLLKIAAKVGSKLL	AMP	0.9999778	
hydramp-amp-classifier	GLFAIIKKIAESF	AMP	0.9949597	
hydramp-amp-classifier	GLFAVIKKVASVIG	AMP	0.9999583	
hydramp-amp-classifier	GLFAVIKKVASVIGG	AMP	0.99987924	
hydramp-amp-classifier	GLFDIAKKIAESF	AMP	0.99752045	
hydramp-amp-classifier	GLLGPLLKIAAKVGSNLL	AMP	0.9999659	
hydramp-amp-classifier	GLLRGILGAGKKIVCGLSGLC	AMP	0.9999845	
hydramp-amp-classifier	GLNALKKVFQGFHEAIKLINNHVQ	AMP	0.999907	
hydramp-amp-classifier	GLRWIWKIWRRL	AMP	0.999997	
hydramp-amp-classifier	GNNRPVYIPQPRPHPRL	AMP	0.9994873	
hydramp-amp-classifier	GSKKPVPIIYCNRRTGKCQRF	AMP	0.99946165	
hydramp-amp-classifier	GSKKPVPIIYCNRRTGKCQRM	AMP	0.9995494	
hydramp-amp-classifier	GSKKPVPIIYTNRRTGKCQRM	AMP	0.99917	
hydramp-amp-classifier	GVAKKLWIAAKKPAGAGSKFKLL	AMP	0.9992369	
hydramp-amp-classifier	GVGKKLWFALKKPLGLVKFFKLL	AMP	0.9999955	
hydramp-amp-classifier	GVIDHLKGGAKDLAGHVATKVIKKI	AMP	0.9999981	
hydramp-amp-classifier	GVLDNLKSAAKDLAGHLATKVIKKI	AMP	0.9999949	
hydramp-amp-classifier	GWARRTVAKVRK	AMP	0.98998547	
hydramp-amp-classifier	GWWRRTVAKVRK	AMP	0.9999393	
hydramp-amp-classifier	HFLGKLVNLAKKIL	AMP	0.99997365	
hydramp-amp-classifier	HFLGTKVNLAKKIL	AMP	0.9995768	
hydramp-amp-classifier	HFLGTLVNLKKKIL	AMP	0.9992162	
hydramp-amp-classifier	HKLGTLVNLAKKIL	AMP	0.9984517	
hydramp-amp-classifier	IAKIAGKIAKIAGKIAKIAGKIA	AMP	0.9997775	
hydramp-amp-classifier	IDWKKLLDAAKQIL	AMP	0.9999977	
hydramp-amp-classifier	IDWKKLLDPAKQIL	AMP	0.9999965	
hydramp-amp-classifier	IGKLFKRIHLRIKRFLRELVRQLR	AMP	0.9998768	
hydramp-amp-classifier	IGKLFKRIVERIRRFVRSFLRTLR	AMP	0.9999325	
hydramp-amp-classifier	ILGTILGLLKGL	AMP	0.9999226	
hydramp-amp-classifier	ILGTIPGLLKGL	AMP	0.99740887	
hydramp-amp-classifier	ILRKPWRIWRR	AMP	0.99999565	
hydramp-amp-classifier	KIAGKIAKIAGKIA	AMP	0.9998627	
hydramp-amp-classifier	LGLFKKLLRLILKGFKL	AMP	0.9999653	
hydramp-amp-classifier	LGLFLLLLRLILKGFKL	AMP	0.9999675	
hydramp-amp-classifier	LKKLLKLLKPLLKL	AMP	0.9999918	
hydramp-amp-classifier	LKKLLKLPKKLLKL	AMP	0.9999957	
hydramp-amp-classifier	LNALKKVFQGIHEAIKKI	AMP	0.991536	
hydramp-amp-classifier	LNLKALLAVAKKIL	AMP	0.9999514000000002	
hydramp-amp-classifier	LNLKKLLAVAKKI	AMP	0.9999044	
hydramp-amp-classifier	LNLKKLLKVAKKIL	AMP	0.9999838	
hydramp-amp-classifier	LVKRFKKFFRKLKKSVK	AMP	0.99997884	
hydramp-amp-classifier	RFRRLRKKKRKRLKKI	AMP	0.9999987	
hydramp-amp-classifier	RRIKPRPPRLPRPRPK	AMP	0.99970233	
hydramp-amp-classifier	RRIRPRPPRLPRPC	AMP	0.9999423	
hydramp-amp-classifier	SPRVAIRVARNGVAYRRAWG	non-AMP	0.25193	
hydramp-amp-classifier	SPRVCIRVCRNGVCYRRCWG	AMP	0.9967544	
hydramp-amp-classifier	VDKPPYLPRPRPPRRIYNR	AMP	0.99938047	
hydramp-amp-classifier	VKRFKKFFRKLKKSV	AMP	0.9999727	
hydramp-amp-classifier	VRKPPYLPRPRWPRRIYNR	AMP	0.9986868	
hydramp-amp-classifier	VRRFPAAWPFLRR	AMP	0.7961778	
hydramp-amp-classifier	VRRFPWAAPFLRR	non-AMP	0.3832137	
hydramp-amp-classifier	VRRFPWWAPFLRR	AMP	0.99999374	
hydramp-amp-classifier	VRRFPWWYPFLRR	AMP	0.9999982	
hydramp-amp-classifier	WKSDVRRWRSRY	AMP	0.99996746	
hydramp-amp-classifier	WKSYVRRWRSR	AMP	0.99999547	
hydramp-mic-classifier	AGYLLGKINLKALAALAKKIL	AMP	0.99998456	
hydramp-mic-classifier	AGYLLGKINLKPLAALAKKIL	AMP	0.9999269	
hydramp-mic-classifier	AKVVNKLTGKVAGLLK	AMP	0.9997024	
hydramp-mic-classifier	ASVVNKLTGGVAGLLK	AMP	0.9999126	
hydramp-mic-classifier	DILIIVGGKERKKRRR	non-AMP	4.855311e-06	
hydramp-mic-classifier	DILIIVGGKQRKKRRR	non-AMP	5.5131990000000006e-05	
hydramp-mic-classifier	FFSLIPKLVKGLISAFK	AMP	0.99582213	
hydramp-mic-classifier	FFSLIPSLVGGLISAFK	non-AMP	0.001393944	
hydramp-mic-classifier	FIHHIIGALGHLF	AMP	0.9995297	
hydramp-mic-classifier	FIKKIIGALGKLF	AMP	0.999881	
hydramp-mic-classifier	FLGGLIKIVPAMICAVTKKC	AMP	0.8900804	
hydramp-mic-classifier	FLGGLIKPVPAMICAVRKKC	non-AMP	0.0036868453	
hydramp-mic-classifier	FLGGLIKRVPAMICAVRKKC	non-AMP	0.0126596389999999	
hydramp-mic-classifier	FLGGLMKAFPALICAVTKKC	AMP	0.99994636	
hydramp-mic-classifier	FLGVVFKLASKVFPAVFKKV	AMP	0.90929663	
hydramp-mic-classifier	FLGVVFKSASKVFPAVFGKV	non-AMP	6.602716e-05	
hydramp-mic-classifier	FLPIEAKLLSGLL	non-AMP	0.0013561845	
hydramp-mic-classifier	FLPIIAGLAAKFLPKIFCKITKKC	AMP	0.99993324	
hydramp-mic-classifier	FLPLIAGVAANFLPKIFCLISKKC	non-AMP	0.15728459	
hydramp-mic-classifier	FLYIVAKLLSGLL	AMP	0.5406678	
hydramp-mic-classifier	FPVTWGWWKWWKG	non-AMP	0.00034546852	
hydramp-mic-classifier	FSVTWRWWKWWKG	AMP	0.9995091	
hydramp-mic-classifier	FWGALAKGALKLIPSLFSSFSKKD	AMP	0.999925	
hydramp-mic-classifier	GCKKYRRFRWKFKGKLFLFG	AMP	0.99296	
hydramp-mic-classifier	GFFKKAKRKVKKAFRRVL	AMP	0.9975451	
hydramp-mic-classifier	GFFKKAKRKVKKAG	non-AMP	0.0015999079	
hydramp-mic-classifier	GIKKWLHKGKKFGKKFVKKIMNS	AMP	0.99996686	
hydramp-mic-classifier	GIKKWLHSAKKFGKKFVKKIMNS	AMP	0.999771	
hydramp-mic-classifier	GIKKWLHSPKKFGKKFPKKIMNS	AMP	0.9908126	
hydramp-mic-classifier	GILSGLLGAGKKIVCGLSGMC	AMP	0.99854946	
hydramp-mic-classifier	GIWKTIKSMGKVFAGAILQNL	AMP	0.9974505	
hydramp-mic-classifier	GIWKTIKSMGKVFAGKIKQNL	AMP	0.99581313	
hydramp-mic-classifier	GKKYRRFWKFKGKWFWFWG	non-AMP	0.30642277	
hydramp-mic-classifier	GKLGPLLKIAAKVGSKLL	AMP	0.9999584	
hydramp-mic-classifier	GLFAIIKKIAESF	non-AMP	0.0027040540999999	
hydramp-mic-classifier	GLFAVIKKVASVIG	non-AMP	0.043899924	
hydramp-mic-classifier	GLFAVIKKVASVIGG	non-AMP	0.023289531	
hydramp-mic-classifier	GLFDIAKKIAESF	non-AMP	0.0001570880399999	
hydramp-mic-classifier	GLLGPLLKIAAKVGSNLL	AMP	0.9998442	
hydramp-mic-classifier	GLLRGILGAGKKIVCGLSGLC	AMP	0.9998973	
hydramp-mic-classifier	GLNALKKVFQGFHEAIKLINNHVQ	AMP	0.82003284	
hydramp-mic-classifier	GLRWIWKIWRRL	AMP	0.99937403	
hydramp-mic-classifier	GNNRPVYIPQPRPHPRL	non-AMP	0.08005586	
hydramp-mic-classifier	GSKKPVPIIYCNRRTGKCQRF	AMP	0.9999482	
hydramp-mic-classifier	GSKKPVPIIYCNRRTGKCQRM	AMP	0.99999094	
hydramp-mic-classifier	GSKKPVPIIYTNRRTGKCQRM	AMP	0.99998975	
hydramp-mic-classifier	GVAKKLWIAAKKPAGAGSKFKLL	AMP	0.8738904000000001	
hydramp-mic-classifier	GVGKKLWFALKKPLGLVKFFKLL	AMP	0.9999082	
hydramp-mic-classifier	GVIDHLKGGAKDLAGHVATKVIKKI	AMP	0.9710381	
hydramp-mic-classifier	GVLDNLKSAAKDLAGHLATKVIKKI	AMP	0.9926852	
hydramp-mic-classifier	GWARRTVAKVRK	non-AMP	0.0046919584	
hydramp-mic-classifier	GWWRRTVAKVRK	AMP	0.9199246	
hydramp-mic-classifier	HFLGKLVNLAKKIL	AMP	0.9996868	
hydramp-mic-classifier	HFLGTKVNLAKKIL	non-AMP	0.00014677644	
hydramp-mic-classifier	HFLGTLVNLKKKIL	non-AMP	0.46883562	
hydramp-mic-classifier	HKLGTLVNLAKKIL	AMP	0.9997398	
hydramp-mic-classifier	IAKIAGKIAKIAGKIAKIAGKIA	AMP	0.9999741	
hydramp-mic-classifier	IDWKKLLDAAKQIL	AMP	0.9999366	
hydramp-mic-classifier	IDWKKLLDPAKQIL	AMP	0.998111	
hydramp-mic-classifier	IGKLFKRIHLRIKRFLRELVRQLR	AMP	0.9999852	
hydramp-mic-classifier	IGKLFKRIVERIRRFVRSFLRTLR	AMP	0.9998753	
hydramp-mic-classifier	ILGTILGLLKGL	AMP	0.9985573	
hydramp-mic-classifier	ILGTIPGLLKGL	non-AMP	0.094243884	
hydramp-mic-classifier	ILRKPWRIWRR	AMP	0.9998733	
hydramp-mic-classifier	KIAGKIAKIAGKIA	non-AMP	0.0031204224	
hydramp-mic-classifier	LGLFKKLLRLILKGFKL	AMP	0.99983966	
hydramp-mic-classifier	LGLFLLLLRLILKGFKL	AMP	0.9990686	
hydramp-mic-classifier	LKKLLKLLKPLLKL	AMP	0.9906466	
hydramp-mic-classifier	LKKLLKLPKKLLKL	AMP	0.9969769	
hydramp-mic-classifier	LNALKKVFQGIHEAIKKI	AMP	0.8898064	
hydramp-mic-classifier	LNLKALLAVAKKIL	AMP	0.9999273	
hydramp-mic-classifier	LNLKKLLAVAKKI	AMP	0.9998796	
hydramp-mic-classifier	LNLKKLLKVAKKIL	AMP	0.988962	
hydramp-mic-classifier	LVKRFKKFFRKLKKSVK	AMP	0.9795614	
hydramp-mic-classifier	RFRRLRKKKRKRLKKI	AMP	0.7400268	
hydramp-mic-classifier	RRIKPRPPRLPRPRPK	AMP	0.89233434	
hydramp-mic-classifier	RRIRPRPPRLPRPC	non-AMP	0.0015366077	
hydramp-mic-classifier	SPRVAIRVARNGVAYRRAWG	AMP	0.995415	
hydramp-mic-classifier	SPRVCIRVCRNGVCYRRCWG	AMP	0.98932624	
hydramp-mic-classifier	VDKPPYLPRPRPPRRIYNR	AMP	0.99984026	
hydramp-mic-classifier	VKRFKKFFRKLKKSV	AMP	0.9962014	
hydramp-mic-classifier	VRKPPYLPRPRWPRRIYNR	AMP	0.9998388	
hydramp-mic-classifier	VRRFPAAWPFLRR	AMP	0.90849173	
hydramp-mic-classifier	VRRFPWAAPFLRR	non-AMP	0.34556317	
hydramp-mic-classifier	VRRFPWWAPFLRR	AMP	0.99988735	
hydramp-mic-classifier	VRRFPWWYPFLRR	AMP	0.99998355	
hydramp-mic-classifier	WKSDVRRWRSRY	non-AMP	5.3057804e-05	
hydramp-mic-classifier	WKSYVRRWRSR	AMP	0.8370559999999999	
mbc-attention	AFFARLLASVRAAVKAFAKKPRLIGLSTLL			45.231133
mbc-attention	AGYLLGKINLKALAALAKKIL			8.984182
mbc-attention	AGYLLGKINLKPLAALAKKIL			11.077079
mbc-attention	AKVVNKLTGKVAGLLK			4.489235
mbc-attention	ASVVNKLTGGVAGLLK			6.4740963
mbc-attention	DILIIVGGKERKKRRR			48.04762
mbc-attention	DILIIVGGKQRKKRRR			33.55335
mbc-attention	FFSLIPKLVKGLISAFK			34.585682
mbc-attention	FFSLIPSLVGGLISAFK			101.614655
mbc-attention	FIHHIIGALGHLF			19.986475
mbc-attention	FIKKIIGALGKLF			45.450474
mbc-attention	FLGGLIKIVPAMICAVTKKC			38.123642
mbc-attention	FLGGLIKPVPAMICAVRKKC			100.17858
mbc-attention	FLGGLIKRVPAMICAVRKKC			92.946236
mbc-attention	FLGGLMKAFPALICAVTKKC			27.770273
mbc-attention	FLGVVFKLASKVFPAVFKKV			32.881226
mbc-attention	FLGVVFKSASKVFPAVFGKV			151.19612
mbc-attention	FLPIEAKLLSGLL			41.26533
mbc-attention	FLPIIAGLAAKFLPKIFCKITKKC			8.503111
mbc-attention	FLPLIAGVAANFLPKIFCLISKKC			75.11773
mbc-attention	FLYIVAKLLSGLL			50.13045
mbc-attention	FPVTWGWWKWWKG			68.67219
mbc-attention	FSVTWRWWKWWKG			55.440163
mbc-attention	FWGALAKGALKLIPSLFSSFSKKD			11.934963
mbc-attention	GCKKYRRFRWKFKGKLFLFG			5.308278
mbc-attention	GFFKKAKRKVKKAFRRVL			4.8000927
mbc-attention	GFFKKAKRKVKKAG			77.18336
mbc-attention	GIKKWLHKGKKFGKKFVKKIMNS			5.968957
mbc-attention	GIKKWLHSAKKFGKKFVKKIMNS			3.4582205
mbc-attention	GIKKWLHSPKKFGKKFPKKIMNS			5.0194697
mbc-attention	GILSGLLGAGKKIVCGLSGMC			12.986796
mbc-attention	GIMDTIKGAAKDLAGQLLDKLKCKITKC			48.19299
mbc-attention	GIMDTVKNAAKDLAGQLLDKLKCRITGC			7.1978416
mbc-attention	GIWKTIKSMGKVFAGAILQNL			6.5666223
mbc-attention	GIWKTIKSMGKVFAGKIKQNL			20.30815
mbc-attention	GKKYRRFWKFKGKWFWFWG			1.8476326
mbc-attention	GKLGPLLKIAAKVGSKLL			6.124794
mbc-attention	GLFAIIKKIAESF			93.456764
mbc-attention	GLFAVIKKVASVIG			56.642056
mbc-attention	GLFAVIKKVASVIGG			57.580807
mbc-attention	GLFDIAKKIAESF			122.70558
mbc-attention	GLLGPLLKIAAKVGSNLL			58.765812
mbc-attention	GLLRGILGAGKKIVCGLSGLC			5.7998853
mbc-attention	GLNALKKVFQGFHEAIKLINNHVQ			93.03376
mbc-attention	GLRWIWKIWRRL			6.698614
mbc-attention	GNNRPVYIPQPRPHPRL			109.93302
mbc-attention	GRFRRLRKKTRKRLKKIGKVLKWIPPIVGSIPLGCG			14.651468
mbc-attention	GSKKPVPIIYCNRRTGKCQRF			21.075768
mbc-attention	GSKKPVPIIYCNRRTGKCQRM			3.5296772
mbc-attention	GSKKPVPIIYTNRRTGKCQRM			3.6142085
mbc-attention	GVAKKLWIAAKKPAGAGSKFKLL			30.066072
mbc-attention	GVGKKLWFALKKPLGLVKFFKLL			9.140344
mbc-attention	GVIDHLKGGAKDLAGHVATKVIKKI			16.730827
mbc-attention	GVLDNLKSAAKDLAGHLATKVIKKI			11.663874
mbc-attention	GWARRTVAKVRK			20.355062
mbc-attention	GWWRRTVAKVRK			19.059387
mbc-attention	HFLGKLVNLAKKIL			37.610844
mbc-attention	HFLGTKVNLAKKIL			40.170906
mbc-attention	HFLGTLVNLKKKIL			33.57723
mbc-attention	HKLGTLVNLAKKIL			14.265307
mbc-attention	IAKIAGKIAKIAGKIAKIAGKIA			7.9375386
mbc-attention	IDWKKLLDAAKQIL			96.118805
mbc-attention	IDWKKLLDPAKQIL			665.4144
mbc-attention	IGKLFKRIHLRIKRFLRELVRQLR			7.4032545
mbc-attention	IGKLFKRIVERIRRFVRSFLRTLR			4.8191032
mbc-attention	ILGTILGLLKGL			99.240425
mbc-attention	ILGTIPGLLKGL			38.837223
mbc-attention	ILRKPWRIWRR			18.610222
mbc-attention	KFFKRLLKSVRRAVKKFRKKPRLIGLSTLL			1.2222884
mbc-attention	KIAGKIAKIAGKIA			13.578129
mbc-attention	KWKSFLKTFKSAEKTVLHTALKAISS			1.9995792
mbc-attention	KWKSFLKTFKSAVKTVLHTALKAISS			1.6028922
mbc-attention	LGLFKKLLRLILKGFKL			50.8853
mbc-attention	LGLFLLLLRLILKGFKL			66.04335
mbc-attention	LKKLLKLLKPLLKL			7.5462523
mbc-attention	LKKLLKLPKKLLKL			10.300779
mbc-attention	LNALKKVFQGIHEAIKKI			14.524519
mbc-attention	LNLKALLAVAKKIL			9.960787
mbc-attention	LNLKKLLAVAKKI			15.446883
mbc-attention	LNLKKLLKVAKKIL			3.394278
mbc-attention	LVKRFKKFFRKLKKSVK			17.69892
mbc-attention	RFRRLRKKKRKRLKKI			12.824835
mbc-attention	RRIKPRPPRLPRPRPK			0.39671624
mbc-attention	RRIRPRPPRLPRPC			125.1108
mbc-attention	SPRVAIRVARNGVAYRRAWG			6.368492
mbc-attention	SPRVCIRVCRNGVCYRRCWG			0.2515512
mbc-attention	VDKPPYLPRPRPPRRIYNR			7.370464
mbc-attention	VKRFKKFFRKLKKSV			22.63799
mbc-attention	VRKPPYLPRPRWPRRIYNR			6.005965
mbc-attention	VRRFPAAWPFLRR			33.17157
mbc-attention	VRRFPWAAPFLRR			40.236813
mbc-attention	VRRFPWWAPFLRR			10.209548
mbc-attention	VRRFPWWYPFLRR			7.5951743
mbc-attention	WKSDVRRWRSRY			13.986438
mbc-attention	WKSYVRRWRSR			5.4314075
sensexamp-classifier	AGYLLGKINLKALAALAKKIL	AMP	0.9992653727531432	
sensexamp-classifier	AGYLLGKINLKPLAALAKKIL	AMP	0.9982008934020996	
sensexamp-classifier	AKVVNKLTGKVAGLLK	AMP	0.998931348323822	
sensexamp-classifier	ASVVNKLTGGVAGLLK	AMP	0.995121419429779	
sensexamp-classifier	DILIIVGGKERKKRRR	AMP	0.8530728816986084	
sensexamp-classifier	DILIIVGGKQRKKRRR	AMP	0.9543857574462892	
sensexamp-classifier	FFSLIPKLVKGLISAFK	AMP	0.9998722076416016	
sensexamp-classifier	FFSLIPSLVGGLISAFK	AMP	0.9994533658027648	
sensexamp-classifier	FIHHIIGALGHLF	AMP	0.999204695224762	
sensexamp-classifier	FIKKIIGALGKLF	AMP	0.9999364614486694	
sensexamp-classifier	FLGGLIKIVPAMICAVTKKC	AMP	0.9999217987060548	
sensexamp-classifier	FLGGLIKPVPAMICAVRKKC	AMP	0.9992063641548156	
sensexamp-classifier	FLGGLIKRVPAMICAVRKKC	AMP	0.99982750415802	
sensexamp-classifier	FLGGLMKAFPALICAVTKKC	AMP	0.9999656677246094	
sensexamp-classifier	FLGVVFKLASKVFPAVFKKV	AMP	0.999521255493164	
sensexamp-classifier	FLGVVFKSASKVFPAVFGKV	AMP	0.9970541000366212	
sensexamp-classifier	FLPIEAKLLSGLL	AMP	0.9882686138153076	
sensexamp-classifier	FLPIIAGLAAKFLPKIFCKITKKC	AMP	0.9999785423278807	
sensexamp-classifier	FLPLIAGVAANFLPKIFCLISKKC	AMP	0.9998509883880616	
sensexamp-classifier	FLYIVAKLLSGLL	AMP	0.9885281324386596	
sensexamp-classifier	FPVTWGWWKWWKG	AMP	0.9997252821922302	
sensexamp-classifier	FSVTWRWWKWWKG	AMP	0.999964952468872	
sensexamp-classifier	FWGALAKGALKLIPSLFSSFSKKD	AMP	0.9983115196228028	
sensexamp-classifier	GCKKYRRFRWKFKGKLFLFG	AMP	0.9988946318626404	
sensexamp-classifier	GFFKKAKRKVKKAFRRVL	AMP	0.9999405145645142	
sensexamp-classifier	GFFKKAKRKVKKAG	AMP	0.9999604225158693	
sensexamp-classifier	GIKKWLHKGKKFGKKFVKKIMNS	AMP	0.9999024868011476	
sensexamp-classifier	GIKKWLHSAKKFGKKFVKKIMNS	AMP	0.999909281730652	
sensexamp-classifier	GIKKWLHSPKKFGKKFPKKIMNS	AMP	0.9927361011505128	
sensexamp-classifier	GILSGLLGAGKKIVCGLSGMC	AMP	0.999805748462677	
sensexamp-classifier	GIWKTIKSMGKVFAGAILQNL	AMP	0.999082088470459	
sensexamp-classifier	GIWKTIKSMGKVFAGKIKQNL	AMP	0.9998657703399658	
sensexamp-classifier	GKKYRRFWKFKGKWFWFWG	AMP	0.9996188879013062	
sensexamp-classifier	GKLGPLLKIAAKVGSKLL	AMP	0.9998743534088136	
sensexamp-classifier	GLFAIIKKIAESF	AMP	0.9993745684623718	
sensexamp-classifier	GLFAVIKKVASVIG	AMP	0.9993553757667542	
sensexamp-classifier	GLFAVIKKVASVIGG	AMP	0.9986804127693176	
sensexamp-classifier	GLFDIAKKIAESF	AMP	0.9996898174285888	
sensexamp-classifier	GLLGPLLKIAAKVGSNLL	AMP	0.9993876218795776	
sensexamp-classifier	GLLRGILGAGKKIVCGLSGLC	AMP	0.9998459815979004	
sensexamp-classifier	GLNALKKVFQGFHEAIKLINNHVQ	AMP	0.9961535334587096	
sensexamp-classifier	GLRWIWKIWRRL	AMP	0.9999784231185912	
sensexamp-classifier	GNNRPVYIPQPRPHPRL	AMP	0.9714666604995728	
sensexamp-classifier	GSKKPVPIIYCNRRTGKCQRF	AMP	0.9606679081916808	
sensexamp-classifier	GSKKPVPIIYCNRRTGKCQRM	AMP	0.9561634063720704	
sensexamp-classifier	GSKKPVPIIYTNRRTGKCQRM	AMP	0.7753255367279053	
sensexamp-classifier	GVAKKLWIAAKKPAGAGSKFKLL	AMP	0.988403022289276	
sensexamp-classifier	GVGKKLWFALKKPLGLVKFFKLL	AMP	0.9998204112052916	
sensexamp-classifier	GVIDHLKGGAKDLAGHVATKVIKKI	AMP	0.9962993264198304	
sensexamp-classifier	GVLDNLKSAAKDLAGHLATKVIKKI	AMP	0.997892439365387	
sensexamp-classifier	GWARRTVAKVRK	AMP	0.9935562014579772	
sensexamp-classifier	GWWRRTVAKVRK	AMP	0.9992792010307312	
sensexamp-classifier	HFLGKLVNLAKKIL	AMP	0.9998630285263062	
sensexamp-classifier	HFLGTKVNLAKKIL	AMP	0.9482851028442384	
sensexamp-classifier	HFLGTLVNLKKKIL	AMP	0.9169184565544128	
sensexamp-classifier	HKLGTLVNLAKKIL	AMP	0.9991554021835328	
sensexamp-classifier	IAKIAGKIAKIAGKIAKIAGKIA	AMP	0.99765282869339	
sensexamp-classifier	IDWKKLLDAAKQIL	AMP	0.9995638728141784	
sensexamp-classifier	IDWKKLLDPAKQIL	AMP	0.9992600083351136	
sensexamp-classifier	IGKLFKRIHLRIKRFLRELVRQLR	AMP	0.9997205138206482	
sensexamp-classifier	IGKLFKRIVERIRRFVRSFLRTLR	AMP	0.9995400905609132	
sensexamp-classifier	ILGTILGLLKGL	AMP	0.9997053742408752	
sensexamp-classifier	ILGTIPGLLKGL	AMP	0.996856927871704	
sensexamp-classifier	ILRKPWRIWRR	AMP	0.999189794063568	
sensexamp-classifier	KIAGKIAKIAGKIA	AMP	0.9998956918716432	
sensexamp-classifier	LGLFKKLLRLILKGFKL	AMP	0.9999496936798096	
sensexamp-classifier	LGLFLLLLRLILKGFKL	AMP	0.9988916516304016	
sensexamp-classifier	LKKLLKLLKPLLKL	AMP	0.9997181296348572	
sensexamp-classifier	LKKLLKLPKKLLKL	AMP	0.9998794794082642	
sensexamp-classifier	LNALKKVFQGIHEAIKKI	AMP	0.9996718168258668	
sensexamp-classifier	LNLKALLAVAKKIL	AMP	0.9996998310089112	
sensexamp-classifier	LNLKKLLAVAKKI	AMP	0.9996823072433472	
sensexamp-classifier	LNLKKLLKVAKKIL	AMP	0.9999120235443116	
sensexamp-classifier	LVKRFKKFFRKLKKSVK	AMP	0.9999550580978394	
sensexamp-classifier	RFRRLRKKKRKRLKKI	AMP	0.9998631477355956	
sensexamp-classifier	RRIKPRPPRLPRPRPK	AMP	0.9979900121688844	
sensexamp-classifier	RRIRPRPPRLPRPC	AMP	0.9945918917655944	
sensexamp-classifier	SPRVAIRVARNGVAYRRAWG	AMP	0.8319091200828552	
sensexamp-classifier	SPRVCIRVCRNGVCYRRCWG	AMP	0.993684709072113	
sensexamp-classifier	VDKPPYLPRPRPPRRIYNR	AMP	0.9956744313240052	
sensexamp-classifier	VKRFKKFFRKLKKSV	AMP	0.9999486207962036	
sensexamp-classifier	VRKPPYLPRPRWPRRIYNR	AMP	0.9927896857261658	
sensexamp-classifier	VRRFPAAWPFLRR	AMP	0.9843127727508544	
sensexamp-classifier	VRRFPWAAPFLRR	AMP	0.9612029790878296	
sensexamp-classifier	VRRFPWWAPFLRR	AMP	0.9939128756523132	
sensexamp-classifier	VRRFPWWYPFLRR	AMP	0.99610835313797	
sensexamp-classifier	WKSDVRRWRSRY	non-AMP	0.3394654393196106	
sensexamp-classifier	WKSYVRRWRSR	AMP	0.9330033659934998	
sensexamp-ecoli	AGYLLGKINLKALAALAKKIL			1.8133126072728367
sensexamp-ecoli	AGYLLGKINLKPLAALAKKIL			2.0917748987831177
sensexamp-ecoli	AKVVNKLTGKVAGLLK			8.805234997196422
sensexamp-ecoli	ASVVNKLTGGVAGLLK			130.76465251414643
sensexamp-ecoli	DILIIVGGKERKKRRR			6349.902228128546
sensexamp-ecoli	DILIIVGGKQRKKRRR			156.77764199856497
sensexamp-ecoli	FFSLIPKLVKGLISAFK			20.134175919185385
sensexamp-ecoli	FFSLIPSLVGGLISAFK			77.65139026741846
sensexamp-ecoli	FIHHIIGALGHLF			15.62893675811021
sensexamp-ecoli	FIKKIIGALGKLF			18.259686851486432
sensexamp-ecoli	FLGGLIKIVPAMICAVTKKC			58.10406656164428
sensexamp-ecoli	FLGGLIKPVPAMICAVRKKC			108.72830578093476
sensexamp-ecoli	FLGGLIKRVPAMICAVRKKC			44.620809420816016
sensexamp-ecoli	FLGGLMKAFPALICAVTKKC			13.628900058713809
sensexamp-ecoli	FLGVVFKLASKVFPAVFKKV			6.316112373400975
sensexamp-ecoli	FLGVVFKSASKVFPAVFGKV			22.93919532352685
sensexamp-ecoli	FLPIEAKLLSGLL			21.45354079731645
sensexamp-ecoli	FLPIIAGLAAKFLPKIFCKITKKC			1.8968583280778684
sensexamp-ecoli	FLPLIAGVAANFLPKIFCLISKKC			8.691803940520352
sensexamp-ecoli	FLYIVAKLLSGLL			29.56361947352435
sensexamp-ecoli	FPVTWGWWKWWKG			14.318750692104482
sensexamp-ecoli	FSVTWRWWKWWKG			5.391974947358428
sensexamp-ecoli	FWGALAKGALKLIPSLFSSFSKKD			9.901420352177372
sensexamp-ecoli	GCKKYRRFRWKFKGKLFLFG			2.097447484387024
sensexamp-ecoli	GFFKKAKRKVKKAFRRVL			3.2343167709512657
sensexamp-ecoli	GFFKKAKRKVKKAG			63.17374638018851
sensexamp-ecoli	GIKKWLHKGKKFGKKFVKKIMNS			2.0653931837935087
sensexamp-ecoli	GIKKWLHSAKKFGKKFVKKIMNS			1.8012277267358592
sensexamp-ecoli	GIKKWLHSPKKFGKKFPKKIMNS			4.597651248050344
sensexamp-ecoli	GILSGLLGAGKKIVCGLSGMC			15.8785655742431
sensexamp-ecoli	GIWKTIKSMGKVFAGAILQNL			4.42820985619796
sensexamp-ecoli	GIWKTIKSMGKVFAGKIKQNL			3.838332783173737
sensexamp-ecoli	GKKYRRFWKFKGKWFWFWG			6.802466271330271
sensexamp-ecoli	GKLGPLLKIAAKVGSKLL			7.537952790923183
sensexamp-ecoli	GLFAIIKKIAESF			104.41779295493608
sensexamp-ecoli	GLFAVIKKVASVIG			235.56245687529253
sensexamp-ecoli	GLFAVIKKVASVIGG			173.11203622686833
sensexamp-ecoli	GLFDIAKKIAESF			44.2437540796872
sensexamp-ecoli	GLLGPLLKIAAKVGSNLL			39.13905713091812
sensexamp-ecoli	GLLRGILGAGKKIVCGLSGLC			3.0690115879604427
sensexamp-ecoli	GLNALKKVFQGFHEAIKLINNHVQ			1.6819847210459056
sensexamp-ecoli	GLRWIWKIWRRL			2.2859239487288057
sensexamp-ecoli	GNNRPVYIPQPRPHPRL			27.970046088334342
sensexamp-ecoli	GSKKPVPIIYCNRRTGKCQRF			184.81378506060528
sensexamp-ecoli	GSKKPVPIIYCNRRTGKCQRM			252.65813890144423
sensexamp-ecoli	GSKKPVPIIYTNRRTGKCQRM			7768.19399449794
sensexamp-ecoli	GVAKKLWIAAKKPAGAGSKFKLL			1207.0250937279786
sensexamp-ecoli	GVGKKLWFALKKPLGLVKFFKLL			2.014162856429181
sensexamp-ecoli	GVIDHLKGGAKDLAGHVATKVIKKI			148.29592821004147
sensexamp-ecoli	GVLDNLKSAAKDLAGHLATKVIKKI			58.18343488827957
sensexamp-ecoli	GWARRTVAKVRK			31.881629897135213
sensexamp-ecoli	GWWRRTVAKVRK			5.797838931991531
sensexamp-ecoli	HFLGKLVNLAKKIL			15.312864796738443
sensexamp-ecoli	HFLGTKVNLAKKIL			19.871079868246166
sensexamp-ecoli	HFLGTLVNLKKKIL			57.188816057743246
sensexamp-ecoli	HKLGTLVNLAKKIL			14.162435600054932
sensexamp-ecoli	IAKIAGKIAKIAGKIAKIAGKIA			1.3983526513216105
sensexamp-ecoli	IDWKKLLDAAKQIL			10.339500179687295
sensexamp-ecoli	IDWKKLLDPAKQIL			28.398332950536208
sensexamp-ecoli	IGKLFKRIHLRIKRFLRELVRQLR			5.336227830845225
sensexamp-ecoli	IGKLFKRIVERIRRFVRSFLRTLR			1.479770575818927
sensexamp-ecoli	ILGTILGLLKGL			78.5764495214685
sensexamp-ecoli	ILGTIPGLLKGL			131.1977415674726
sensexamp-ecoli	ILRKPWRIWRR			4.531729794950293
sensexamp-ecoli	KIAGKIAKIAGKIA			7.113982132579085
sensexamp-ecoli	LGLFKKLLRLILKGFKL			4.481554063089451
sensexamp-ecoli	LGLFLLLLRLILKGFKL			16.039137208297618
sensexamp-ecoli	LKKLLKLLKPLLKL			4.3347312364843145
sensexamp-ecoli	LKKLLKLPKKLLKL			5.138450516303417
sensexamp-ecoli	LNALKKVFQGIHEAIKKI			2.6624405266964666
sensexamp-ecoli	LNLKALLAVAKKIL			6.824090134881163
sensexamp-ecoli	LNLKKLLAVAKKI			5.3836221539774165
sensexamp-ecoli	LNLKKLLKVAKKIL			2.071264833677247
sensexamp-ecoli	LVKRFKKFFRKLKKSVK			4.017172854569728
sensexamp-ecoli	RFRRLRKKKRKRLKKI			45.69990823652172
sensexamp-ecoli	RRIKPRPPRLPRPRPK			40.31084488638843
sensexamp-ecoli	RRIRPRPPRLPRPC			139.22433212407157
sensexamp-ecoli	SPRVAIRVARNGVAYRRAWG			7584.803334442832
sensexamp-ecoli	SPRVCIRVCRNGVCYRRCWG			2.022834801626725
sensexamp-ecoli	VDKPPYLPRPRPPRRIYNR			3.663690424040359
sensexamp-ecoli	VKRFKKFFRKLKKSV			3.2777297574350013
sensexamp-ecoli	VRKPPYLPRPRWPRRIYNR			1.034850956668744
sensexamp-ecoli	VRRFPAAWPFLRR			7.3894783242389135
sensexamp-ecoli	VRRFPWAAPFLRR			6.45289074475353
sensexamp-ecoli	VRRFPWWAPFLRR			2.9249141285492186
sensexamp-ecoli	VRRFPWWYPFLRR			2.6728654545112938
sensexamp-ecoli	WKSDVRRWRSRY			1776.128107211897
sensexamp-ecoli	WKSYVRRWRSR			20.63397708570324
sensexamp-saureus	AGYLLGKINLKALAALAKKIL			8.733681212471637
sensexamp-saureus	AGYLLGKINLKPLAALAKKIL			49.20447036330432
sensexamp-saureus	AKVVNKLTGKVAGLLK			100.97277063704551
sensexamp-saureus	ASVVNKLTGGVAGLLK			533.2769239369931
sensexamp-saureus	DILIIVGGKERKKRRR			11532.42510502407
sensexamp-saureus	DILIIVGGKQRKKRRR			102.6385663938195
sensexamp-saureus	FFSLIPKLVKGLISAFK			3.1385422057030525
sensexamp-saureus	FFSLIPSLVGGLISAFK			14.041017836604968
sensexamp-saureus	FIHHIIGALGHLF			25.933344716891288
sensexamp-saureus	FIKKIIGALGKLF			15.881560146118408
sensexamp-saureus	FLGGLIKIVPAMICAVTKKC			2.756372991203199
sensexamp-saureus	FLGGLIKPVPAMICAVRKKC			26.08774573783116
sensexamp-saureus	FLGGLIKRVPAMICAVRKKC			15.143153073570744
sensexamp-saureus	FLGGLMKAFPALICAVTKKC			2.811901029532983
sensexamp-saureus	FLGVVFKLASKVFPAVFKKV			2.43932555247395
sensexamp-saureus	FLGVVFKSASKVFPAVFGKV			1.4779833402308222
sensexamp-saureus	FLPIEAKLLSGLL			14.616240871459818
sensexamp-saureus	FLPIIAGLAAKFLPKIFCKITKKC			1.216846331821961
sensexamp-saureus	FLPLIAGVAANFLPKIFCLISKKC			2.590114847707378
sensexamp-saureus	FLYIVAKLLSGLL			1.1426068286506024
sensexamp-saureus	FPVTWGWWKWWKG			70.15093339862216
sensexamp-saureus	FSVTWRWWKWWKG			12.697526130855753
sensexamp-saureus	FWGALAKGALKLIPSLFSSFSKKD			6.973278588809468
sensexamp-saureus	GCKKYRRFRWKFKGKLFLFG			10.780526719622992
sensexamp-saureus	GFFKKAKRKVKKAFRRVL			4.96567627163977
sensexamp-saureus	GFFKKAKRKVKKAG			95.93021306341066
sensexamp-saureus	GIKKWLHKGKKFGKKFVKKIMNS			4.698635312971491
sensexamp-saureus	GIKKWLHSAKKFGKKFVKKIMNS			1.5476505882780598
sensexamp-saureus	GIKKWLHSPKKFGKKFPKKIMNS			58.78664095896466
sensexamp-saureus	GILSGLLGAGKKIVCGLSGMC			9.524999637579825
sensexamp-saureus	GIWKTIKSMGKVFAGAILQNL			24.34868122168825
sensexamp-saureus	GIWKTIKSMGKVFAGKIKQNL			50.79566380608858
sensexamp-saureus	GKKYRRFWKFKGKWFWFWG			8.003076214448384
sensexamp-saureus	GKLGPLLKIAAKVGSKLL			6.267815730127785
sensexamp-saureus	GLFAIIKKIAESF			45.30440663145573
sensexamp-saureus	GLFAVIKKVASVIG			64.5110822689754
sensexamp-saureus	GLFAVIKKVASVIGG			98.02437472046346
sensexamp-saureus	GLFDIAKKIAESF			128.3912798800011
sensexamp-saureus	GLLGPLLKIAAKVGSNLL			16.980614721263112
sensexamp-saureus	GLLRGILGAGKKIVCGLSGLC			3.888320294084073
sensexamp-saureus	GLNALKKVFQGFHEAIKLINNHVQ			1724.991035060552
sensexamp-saureus	GLRWIWKIWRRL			6.919073682537071
sensexamp-saureus	GNNRPVYIPQPRPHPRL			11039.009985483262
sensexamp-saureus	GSKKPVPIIYCNRRTGKCQRF			10174.197683308765
sensexamp-saureus	GSKKPVPIIYCNRRTGKCQRM			11834.844490728705
sensexamp-saureus	GSKKPVPIIYTNRRTGKCQRM			12932.9096412602
sensexamp-saureus	GVAKKLWIAAKKPAGAGSKFKLL			12855.554239532768
sensexamp-saureus	GVGKKLWFALKKPLGLVKFFKLL			0.8207442304587235
sensexamp-saureus	GVIDHLKGGAKDLAGHVATKVIKKI			5477.812569215908
sensexamp-saureus	GVLDNLKSAAKDLAGHLATKVIKKI			236.45060776349027
sensexamp-saureus	GWARRTVAKVRK			175.80138689919852
sensexamp-saureus	GWWRRTVAKVRK			22.58903564745475
sensexamp-saureus	HFLGKLVNLAKKIL			3.803899585093296
sensexamp-saureus	HFLGTKVNLAKKIL			161.4905259431903
sensexamp-saureus	HFLGTLVNLKKKIL			290.86724059616336
sensexamp-saureus	HKLGTLVNLAKKIL			168.38368171243067
sensexamp-saureus	IAKIAGKIAKIAGKIAKIAGKIA			1.0684722737904744
sensexamp-saureus	IDWKKLLDAAKQIL			9.31674756359166
sensexamp-saureus	IDWKKLLDPAKQIL			445.0320069400056
sensexamp-saureus	IGKLFKRIHLRIKRFLRELVRQLR			3.343272909254426
sensexamp-saureus	IGKLFKRIVERIRRFVRSFLRTLR			1.9905973652470408
sensexamp-saureus	ILGTILGLLKGL			9.278952640681808
sensexamp-saureus	ILGTIPGLLKGL			559.2393141169742
sensexamp-saureus	ILRKPWRIWRR			5.305076965898139
sensexamp-saureus	KIAGKIAKIAGKIA			48.491631874555125
sensexamp-saureus	LGLFKKLLRLILKGFKL			1.9857445811936087
sensexamp-saureus	LGLFLLLLRLILKGFKL			2.354559383919399
sensexamp-saureus	LKKLLKLLKPLLKL			1.293266003792703
sensexamp-saureus	LKKLLKLPKKLLKL			3.2549786824932068
sensexamp-saureus	LNALKKVFQGIHEAIKKI			50.52577994255541
sensexamp-saureus	LNLKALLAVAKKIL			15.016843023020302
sensexamp-saureus	LNLKKLLAVAKKI			26.991963561011115
sensexamp-saureus	LNLKKLLKVAKKIL			6.523796290683553
sensexamp-saureus	LVKRFKKFFRKLKKSVK			26.64784907109876
sensexamp-saureus	RFRRLRKKKRKRLKKI			351.9756371422365
sensexamp-saureus	RRIKPRPPRLPRPRPK			197.5577688655229
sensexamp-saureus	RRIRPRPPRLPRPC			466.0627517935396
sensexamp-saureus	SPRVAIRVARNGVAYRRAWG			12368.21684149783
sensexamp-saureus	SPRVCIRVCRNGVCYRRCWG			10.48598566343274
sensexamp-saureus	VDKPPYLPRPRPPRRIYNR			129.6006681954364
sensexamp-saureus	VKRFKKFFRKLKKSV			21.903515550438808
sensexamp-saureus	VRKPPYLPRPRWPRRIYNR			21.392737218578542
sensexamp-saureus	VRRFPAAWPFLRR			9.078130635626293
sensexamp-saureus	VRRFPWAAPFLRR			22.5969488122706
sensexamp-saureus	VRRFPWWAPFLRR			5.102829500032884
sensexamp-saureus	VRRFPWWYPFLRR			1.2650382959624435
sensexamp-saureus	WKSDVRRWRSRY			152.4751006928357
sensexamp-saureus	WKSYVRRWRSR			51.2838342443587
