variant	task	task_type	n_matched	task_size	coverage	mcc	f1	precision	fpr	tpr	tnr	auroc	auprc	precision_at_k	pauroc_01	pauroc_001	precision_at_k_k	n_samples	n_positive	n_negative	n_predicted_positive	errors	r2_log2	msl2e	rmsl2e	spearman
ampredictor	deepamp_regression_gramneg	regression	4560	4560	1.0													4560.0				0.0	0.5128551279880234	2.235991337737795	1.4953231549527328	0.7226081204813868
apex-abaumannii	deepamp_regression_gramneg	regression	4508	4560	0.9885964912280701													4508.0				0.0	-0.762826801864591	8.056213942221696	2.838347044006722	0.2572063667246828
apex-ecoli	deepamp_regression_gramneg	regression	4508	4560	0.9885964912280701													4508.0				0.0	-0.9555802288966766	8.937107541425199	2.989499546985281	0.2391438705385273
apex-kpneumoniae	deepamp_regression_gramneg	regression	4508	4560	0.9885964912280701													4508.0				0.0	-1.54484682716028	11.630087804486486	3.410291454478119	0.09612121781817445
apex-min	deepamp_regression_gramneg	regression	4508	4560	0.9885964912280701													4508.0				0.0	-0.44590387063322146	6.607858985004494	2.570575613555161	0.239416573620173
apex-paeruginosa	deepamp_regression_gramneg	regression	4508	4560	0.9885964912280701													4508.0				0.0	-1.2950211311598583	10.48837084561395	3.238575434602991	0.22953602153800334
apex-saureus	deepamp_regression_gramneg	regression	4508	4560	0.9885964912280701													4508.0				0.0	-1.5639404867450541	11.717346862717385	3.4230610369547	0.09975475390625411
deep-amp-cnn-gramneg	deepamp_regression_gramneg	regression	4500	4560	0.9868421052631579													4500.0				0.0	0.011422771406934595	4.512787356132703	2.1243322141634775	0.42993244523572444
deep-amp-cnn-grampos	deepamp_regression_gramneg	regression	4500	4560	0.9868421052631579													4500.0				0.0	-0.03520517391719635	4.725640733709137	2.1738538896874227	0.5005740035493704
deep-amp-lstm-gramneg	deepamp_regression_gramneg	regression	4500	4560	0.9868421052631579													4500.0				0.0	-0.8189174820585912	8.303233756016057	2.8815332300731944	0.32694752767281254
deep-amp-lstm-grampos	deepamp_regression_gramneg	regression	4500	4560	0.9868421052631579													4500.0				0.0	0.19925599686021012	3.655341543736705	1.9118947522645449	0.6356504308543971
mbc-attention	deepamp_regression_gramneg	regression	4523	4560	0.9918859649122806													4523.0				0.0	0.4623302529363048	2.45566060372782	1.567054754540447	0.6866170772366456
sensexamp-ecoli	deepamp_regression_gramneg	regression	3469	4560	0.7607456140350877													3469.0				0.0	-0.23842079551826179	5.455034608740614	2.3356015517935873	0.5105221537981497
sensexamp-saureus	deepamp_regression_gramneg	regression	3469	4560	0.7607456140350877													3469.0				0.0	-0.6779286222137875	7.390992414127055	2.7186379704048598	0.3811464618907603
ampeppy	deepamp_regression_grampos	regression	4175	4175	1.0													4175.0				0.0				
amplify	deepamp_regression_grampos	regression	4174	4175	0.9997604790419161													4174.0				0.0				
ampredictor	deepamp_regression_grampos	regression	4130	4175	0.9892215568862276													4130.0				0.0	0.04021711470741385	4.32234952506843	2.079026100141225	0.4098095435026673
ampredmfa	deepamp_regression_grampos	regression	4174	4175	0.9997604790419161													4174.0				0.0				
ampscanner	deepamp_regression_grampos	regression	3793	4175	0.9085029940119761													3793.0				0.0				
apex-abaumannii	deepamp_regression_grampos	regression	4094	4175	0.9805988023952096													4094.0				0.0	-0.7428862467513886	7.831337119180059	2.7984526294329264	0.24676542965365855
apex-ecoli	deepamp_regression_grampos	regression	4094	4175	0.9805988023952096													4094.0				0.0	-0.949848829486464	8.761285220770516	2.959946827355268	0.22159289145695443
apex-kpneumoniae	deepamp_regression_grampos	regression	4094	4175	0.9805988023952096													4094.0				0.0	-1.5559467463918715	11.484674152989278	3.3889045653410306	0.10254212525297052
apex-min	deepamp_regression_grampos	regression	4094	4175	0.9805988023952096													4094.0				0.0	-0.4418947502806523	6.4788874780962455	2.5453658829520456	0.22575694169941193
apex-paeruginosa	deepamp_regression_grampos	regression	4094	4175	0.9805988023952096													4094.0				0.0	-1.37035037635414	10.650731177897976	3.2635457983454095	0.15194568915494994
apex-saureus	deepamp_regression_grampos	regression	4094	4175	0.9805988023952096													4094.0				0.0	-1.4587196921142627	11.04780236025352	3.323823455036913	0.1641948887880838
deep-amp-cnn-gramneg	deepamp_regression_grampos	regression	4089	4175	0.9794011976047904													4089.0				0.0	0.3760850813145099	2.8022096471000277	1.6739801812148278	0.6695655445892961
deep-amp-cnn-grampos	deepamp_regression_grampos	regression	4089	4175	0.9794011976047904													4089.0				0.0	-0.3820715858712376	6.207343685691683	2.4914541307621305	0.2554242420215459
deep-amp-lstm-gramneg	deepamp_regression_grampos	regression	4089	4175	0.9794011976047904													4089.0				0.0	-0.18286816296072383	5.312654783891954	2.3049196914191943	0.6208679854128121
deep-amp-lstm-grampos	deepamp_regression_grampos	regression	4089	4175	0.9794011976047904													4089.0				0.0	-0.408259860470936	6.324963946926648	2.514948100245142	0.3520747558078449
example-model	deepamp_regression_grampos	regression	4175	4175	1.0													4175.0				0.0				
hydramp-amp-classifier	deepamp_regression_grampos	regression	3249	4175	0.7782035928143712													3249.0				0.0				
hydramp-mic-classifier	deepamp_regression_grampos	regression	3249	4175	0.7782035928143712													3249.0				0.0				
mbc-attention	deepamp_regression_grampos	regression	4079	4175	0.9770059880239521													4079.0				0.0	-0.010327463274429904	4.5541672295665325	2.134049490889687	0.39086999127831323
mole-amp	deepamp_regression_grampos	regression	4175	4175	1.0													4175.0				0.0				
sensexamp-classifier	deepamp_regression_grampos	regression	3196	4175	0.7655089820359281													3196.0				0.0				
sensexamp-ecoli	deepamp_regression_grampos	regression	3196	4175	0.7655089820359281													3196.0				0.0	-0.44756949634722143	6.306869559752016	2.5113481558222897	0.36780646981568865
sensexamp-saureus	deepamp_regression_grampos	regression	3196	4175	0.7655089820359281													3196.0				0.0	-0.09260906036772254	4.7603537107758624	2.1818234829554526	0.594857998142093
ampredictor	holdout2026_regression_abaumannii	regression	237	237	1.0													237.0				0.0	-0.08696796265132245	4.069540710208866	2.0173102662230384	0.252863597372516
apex-abaumannii	holdout2026_regression_abaumannii	regression	237	237	1.0													237.0				0.0	-0.3946061992204217	5.221319208519964	2.2850206144628027	0.26207106347302056
apex-ecoli	holdout2026_regression_abaumannii	regression	237	237	1.0													237.0				0.0	-0.6096259632396839	6.026339883684594	2.454860461143279	0.17492919959879524
apex-kpneumoniae	holdout2026_regression_abaumannii	regression	237	237	1.0													237.0				0.0	-1.8797347075856798	10.781548334263674	3.2835268133919167	0.10874799443898314
apex-min	holdout2026_regression_abaumannii	regression	237	237	1.0													237.0				0.0	-0.4121931163210413	5.2871635365657195	2.2993832948348825	0.07823634118830776
apex-paeruginosa	holdout2026_regression_abaumannii	regression	237	237	1.0													237.0				0.0	-1.2373513585817917	8.376504873778337	2.89421921660719	0.12011516957376413
apex-saureus	holdout2026_regression_abaumannii	regression	237	237	1.0													237.0				0.0	-1.6679928124988357	9.988799797305091	3.1605062564888384	0.12233590010649746
deep-amp-cnn-gramneg	holdout2026_regression_abaumannii	regression	237	237	1.0													237.0				0.0	-0.2050474577410608	4.511623024333833	2.124058149941718	0.17562477930311368
deep-amp-cnn-grampos	holdout2026_regression_abaumannii	regression	237	237	1.0													237.0				0.0	-0.44149614550530303	5.396872262393221	2.32311692826539	0.2118221449088633
deep-amp-lstm-gramneg	holdout2026_regression_abaumannii	regression	237	237	1.0													237.0				0.0	-1.3457418656899964	8.78231221717151	2.9634966200708766	-0.04777147141304397
deep-amp-lstm-grampos	holdout2026_regression_abaumannii	regression	237	237	1.0													237.0				0.0	-0.41024656852292773	5.279875782205904	2.297798029028205	0.2385536995240472
mbc-attention	holdout2026_regression_abaumannii	regression	237	237	1.0													237.0				0.0	-0.05564563324204408	3.952271849442524	1.9880321550323385	0.28545088559292714
sensexamp-ecoli	holdout2026_regression_abaumannii	regression	210	237	0.8860759493670886													210.0				0.0	-0.2582506476980193	4.631565462470219	2.1521072144459295	0.37109207244161296
sensexamp-saureus	holdout2026_regression_abaumannii	regression	210	237	0.8860759493670886													210.0				0.0	-0.9204185943000702	7.068976639208142	2.6587547158788722	0.2716576953181078
ampredictor	holdout2026_regression_ecoli	regression	358	358	1.0													358.0				0.0	-0.1452971215612977	6.26464288666124	2.502926864025643	0.24488995815553674
apex-abaumannii	holdout2026_regression_ecoli	regression	358	358	1.0													358.0				0.0	-0.46218322521534794	7.9979732493813485	2.8280688197746087	0.12919911509537335
apex-ecoli	holdout2026_regression_ecoli	regression	358	358	1.0													358.0				0.0	-0.5582295818182208	8.523335719394082	2.9194752472651797	0.10348045430714073
apex-kpneumoniae	holdout2026_regression_ecoli	regression	358	358	1.0													358.0				0.0	-1.3182077573374462	12.680328504632202	3.560944889300058	-0.019718711890805724
apex-min	holdout2026_regression_ecoli	regression	358	358	1.0													358.0				0.0	-0.31845107560214747	7.211775002911143	2.6854748188935122	0.09041169732224646
apex-paeruginosa	holdout2026_regression_ecoli	regression	358	358	1.0													358.0				0.0	-0.8429293028258866	10.080610288995498	3.1749976833055324	0.13969345868067473
apex-saureus	holdout2026_regression_ecoli	regression	358	358	1.0													358.0				0.0	-1.2729280426049892	12.432653698270999	3.52599683752992	-0.03936795392310361
deep-amp-cnn-gramneg	holdout2026_regression_ecoli	regression	358	358	1.0													358.0				0.0	-0.5271994753956175	8.353604623582278	2.890260303775817	0.06217895592372904
deep-amp-cnn-grampos	holdout2026_regression_ecoli	regression	358	358	1.0													358.0				0.0	-0.39961601203487374	7.655737824520641	2.7669004001807944	0.10956161713848879
deep-amp-lstm-gramneg	holdout2026_regression_ecoli	regression	358	358	1.0													358.0				0.0	-1.2982968989844568	12.571418410648612	3.5456196088481646	-0.12621982703230966
deep-amp-lstm-grampos	holdout2026_regression_ecoli	regression	358	358	1.0													358.0				0.0	-0.45972307382791544	7.9845165056253	2.8256886781146466	0.07945633580433445
mbc-attention	holdout2026_regression_ecoli	regression	358	358	1.0													358.0				0.0	-0.005012963141548088	5.4973047535159285	2.344633181014874	0.29629197998671103
sensexamp-ecoli	holdout2026_regression_ecoli	regression	297	358	0.8296089385474861													297.0				0.0	-0.5650703374039485	8.01787824360543	2.8315858178069457	0.2717312045170757
sensexamp-saureus	holdout2026_regression_ecoli	regression	297	358	0.8296089385474861													297.0				0.0	-0.7812419848871632	9.12532875737276	3.020815909216045	0.2892085343209345
ampredictor	holdout2026_regression_kpneumoniae	regression	186	186	1.0													186.0				0.0	-0.44072305315370786	4.048469898037517	2.01208098694797	0.24092562950970528
apex-abaumannii	holdout2026_regression_kpneumoniae	regression	186	186	1.0													186.0				0.0	-0.5648683217449841	4.397321387416677	2.0969791099142303	0.20222557352515774
apex-ecoli	holdout2026_regression_kpneumoniae	regression	186	186	1.0													186.0				0.0	-0.6454528799548032	4.623766128093912	2.1502944282339365	0.1294755912872628
apex-kpneumoniae	holdout2026_regression_kpneumoniae	regression	186	186	1.0													186.0				0.0	-2.1067125684360737	8.729944514760533	2.9546479510697266	0.05589956231871509
apex-min	holdout2026_regression_kpneumoniae	regression	186	186	1.0													186.0				0.0	-0.566070565711521	4.400699724771639	2.097784480057863	0.09201787225017159
apex-paeruginosa	holdout2026_regression_kpneumoniae	regression	186	186	1.0													186.0				0.0	-1.1906266184012364	6.155718757344642	2.4810720983769583	0.15831348935533912
apex-saureus	holdout2026_regression_kpneumoniae	regression	186	186	1.0													186.0				0.0	-1.9622875132829622	8.324106288579669	2.885152732279466	0.050279644391867356
deep-amp-cnn-gramneg	holdout2026_regression_kpneumoniae	regression	186	186	1.0													186.0				0.0	-0.7114443136787121	4.809203802860597	2.1929896951104437	0.11597598257567308
deep-amp-cnn-grampos	holdout2026_regression_kpneumoniae	regression	186	186	1.0													186.0				0.0	-1.1150479768116663	5.943340774816937	2.4378967933070785	0.030530736168377943
deep-amp-lstm-gramneg	holdout2026_regression_kpneumoniae	regression	186	186	1.0													186.0				0.0	-2.4140094644647316	9.593456923067682	3.097330612490001	-0.11171927638411917
deep-amp-lstm-grampos	holdout2026_regression_kpneumoniae	regression	186	186	1.0													186.0				0.0	-0.8949632964827108	5.3248970000882725	2.307573834157484	0.06385669252272894
mbc-attention	holdout2026_regression_kpneumoniae	regression	186	186	1.0													186.0				0.0	-0.2605825505632837	3.5422703195978738	1.882092006145787	0.3379800533515179
sensexamp-ecoli	holdout2026_regression_kpneumoniae	regression	157	186	0.8440860215053764													157.0				0.0	-1.2386795700774802	5.829163321572784	2.414366028913757	0.08343667213631786
sensexamp-saureus	holdout2026_regression_kpneumoniae	regression	157	186	0.8440860215053764													157.0				0.0	-1.3370471411512703	6.085296733875151	2.4668394219882153	0.1827334516791366
ampredictor	holdout2026_regression_paeruginosa	regression	372	372	1.0													372.0				0.0	-0.5048479266588688	5.374007159590057	2.3181904925156727	0.16016397912702732
apex-abaumannii	holdout2026_regression_paeruginosa	regression	372	372	1.0													372.0				0.0	-0.6164700288325162	5.7726241664138	2.4026285951877373	0.029695936864141154
apex-ecoli	holdout2026_regression_paeruginosa	regression	372	372	1.0													372.0				0.0	-0.48977331531715795	5.320173766963962	2.306550187393277	0.10985300853328021
apex-kpneumoniae	holdout2026_regression_paeruginosa	regression	372	372	1.0													372.0				0.0	-1.3632318653422995	8.439407556827387	2.905065843802406	0.033964807398765264
apex-min	holdout2026_regression_paeruginosa	regression	372	372	1.0													372.0				0.0	-0.6163886987600589	5.7723337261746686	2.402568152243484	0.06309163943116211
apex-paeruginosa	holdout2026_regression_paeruginosa	regression	372	372	1.0													372.0				0.0	-0.7819869745874481	6.3637066510708165	2.522638826917325	0.15269994138304946
apex-saureus	holdout2026_regression_paeruginosa	regression	372	372	1.0													372.0				0.0	-1.3433105043252787	8.368265792375517	2.8927954978490127	0.03331588765940672
deep-amp-cnn-gramneg	holdout2026_regression_paeruginosa	regression	372	372	1.0													372.0				0.0	-0.5080717478207668	5.38551984316317	2.3206722825860546	0.21617897376680104
deep-amp-cnn-grampos	holdout2026_regression_paeruginosa	regression	372	372	1.0													372.0				0.0	-1.0004048901104312	7.143705361245688	2.6727711015434314	0.13191292764153187
deep-amp-lstm-gramneg	holdout2026_regression_paeruginosa	regression	372	372	1.0													372.0				0.0	-1.8833587161377223	10.296848013469132	3.208870208261645	-0.05740794547436431
deep-amp-lstm-grampos	holdout2026_regression_paeruginosa	regression	372	372	1.0													372.0				0.0	-0.9066105538103659	6.808753619029007	2.6093588520993056	0.04723650233020673
mbc-attention	holdout2026_regression_paeruginosa	regression	372	372	1.0													372.0				0.0	-0.1862067766445108	4.236098277780934	2.058178388230946	0.35767983669094233
sensexamp-ecoli	holdout2026_regression_paeruginosa	regression	334	372	0.8978494623655914													334.0				0.0	-0.9351973783007272	6.745580561826475	2.5972255508188877	0.20873046113530974
sensexamp-saureus	holdout2026_regression_paeruginosa	regression	334	372	0.8978494623655914													334.0				0.0	-1.497766365293895	8.70654561164467	2.950685617215882	0.13800282338423284
ampredictor	holdout2026_regression_saureus	regression	449	449	1.0													449.0				0.0	-0.19011623635418418	6.109826391720429	2.4718063014161182	0.15799457791652152
apex-abaumannii	holdout2026_regression_saureus	regression	448	449	0.9977728285077951													448.0				0.0	-0.7317089918825193	8.887298857776571	2.981157301749871	0.06272601786360271
apex-ecoli	holdout2026_regression_saureus	regression	448	449	0.9977728285077951													448.0				0.0	-0.7746390305795918	9.107619988904982	3.0178833623758528	0.07943925218015907
apex-kpneumoniae	holdout2026_regression_saureus	regression	448	449	0.9977728285077951													448.0				0.0	-1.3938246144213076	12.285340586201228	3.505045019140443	0.009303187806941152
apex-min	holdout2026_regression_saureus	regression	448	449	0.9977728285077951													448.0				0.0	-0.6764381416825873	8.603643482564706	2.9331968025628123	0.013189653261821982
apex-paeruginosa	holdout2026_regression_saureus	regression	448	449	0.9977728285077951													448.0				0.0	-1.1479820488844257	11.02365264548456	3.3201886460688588	0.009206241359892743
apex-saureus	holdout2026_regression_saureus	regression	448	449	0.9977728285077951													448.0				0.0	-1.274883239795019	11.674921891250948	3.416858482766143	0.06427974127393933
deep-amp-cnn-gramneg	holdout2026_regression_saureus	regression	448	449	0.9977728285077951													448.0				0.0	-0.48929975491100053	7.643231092955712	2.7646394146354263	0.14659680936919542
deep-amp-cnn-grampos	holdout2026_regression_saureus	regression	448	449	0.9977728285077951													448.0				0.0	-1.0202426722512299	10.368081749123292	3.2199505817827845	-0.05109976056195494
deep-amp-lstm-gramneg	holdout2026_regression_saureus	regression	448	449	0.9977728285077951													448.0				0.0	-0.9045717114264662	9.774447135666493	3.1264112230585557	0.2466771264479006
deep-amp-lstm-grampos	holdout2026_regression_saureus	regression	448	449	0.9977728285077951													448.0				0.0	-0.9051575177453557	9.777453550631796	3.126891995357658	0.050986441188886275
mbc-attention	holdout2026_regression_saureus	regression	449	449	1.0													449.0				0.0	-0.6338711988344212	8.387978473339267	2.8962006963156517	-0.05860672158849143
sensexamp-ecoli	holdout2026_regression_saureus	regression	372	449	0.8285077951002228													372.0				0.0	-0.4761952808591121	7.281624478798534	2.6984485318046247	0.32184340117069454
sensexamp-saureus	holdout2026_regression_saureus	regression	372	449	0.8285077951002228													372.0				0.0	-0.5916319594821913	7.851038671969388	2.8019704980547866	0.34019235102566364
ampredictor	regression_ecoli25922	regression	2531	2531	1.0													2531.0				0.0	0.22539904561832746	3.0467770925732114	1.7455019600599742	0.5172357484866066
apex-abaumannii	regression_ecoli25922	regression	2525	2531	0.9976293954958514													2525.0				0.0	-0.730391708327712	6.792305995745611	2.6062052865700376	0.2593944242583492
apex-ecoli	regression_ecoli25922	regression	2525	2531	0.9976293954958514													2525.0				0.0	-0.909317600703742	7.494643741431155	2.737634698317355	0.24751890845224472
apex-kpneumoniae	regression_ecoli25922	regression	2525	2531	0.9976293954958514													2525.0				0.0	-1.831684557877593	11.115210450886908	3.333948177594683	0.03578543307905707
apex-min	regression_ecoli25922	regression	2525	2531	0.9976293954958514													2525.0				0.0	-0.3405358817708031	5.262005049748847	2.2939060682052452	0.23456623449093042
apex-paeruginosa	regression_ecoli25922	regression	2525	2531	0.9976293954958514													2525.0				0.0	-1.346662211924734	9.21135239803597	3.0350209880717416	0.2318977567608567
apex-saureus	regression_ecoli25922	regression	2525	2531	0.9976293954958514													2525.0				0.0	-1.7557917046361324	10.817308259362658	3.2889676586069765	0.07577365891883181
deep-amp-cnn-gramneg	regression_ecoli25922	regression	2521	2531	0.9960489924930858													2521.0				0.0	-0.12330458835845515	4.407708733897592	2.0994543895730606	0.32456155111641594
deep-amp-cnn-grampos	regression_ecoli25922	regression	2521	2531	0.9960489924930858													2521.0				0.0	-0.48367369899435797	5.821752700991142	2.412830847985648	0.2091818319087623
deep-amp-lstm-gramneg	regression_ecoli25922	regression	2521	2531	0.9960489924930858													2521.0				0.0	-1.1480715759625828	8.428768069258616	2.9032340706974726	0.193901211089959
deep-amp-lstm-grampos	regression_ecoli25922	regression	2521	2531	0.9960489924930858													2521.0				0.0	-0.4714859279805661	5.773929389931103	2.402900203905918	0.3070521846194473
mbc-attention	regression_ecoli25922	regression	2527	2531	0.9984195969972343													2527.0				0.0	0.23253380698263237	3.0168054375474638	1.7368953444429125	0.5319452933013339
sensexamp-ecoli	regression_ecoli25922	regression	2111	2531	0.834057684709601													2111.0				0.0	-0.1413358106749114	4.468317516486426	2.113839520040825	0.48290415561782496
sensexamp-saureus	regression_ecoli25922	regression	2111	2531	0.834057684709601													2111.0				0.0	-0.6376821364197691	6.411508083912803	2.5320955913852865	0.3843999728881727
ampredictor	regression_saureus25923	regression	1568	1568	1.0													1568.0				0.0	-0.02402061718927495	4.910885991811207	2.2160518928516106	0.32237458764598464
apex-abaumannii	regression_saureus25923	regression	1565	1568	0.9980867346938775													1565.0				0.0	-0.3731944348113736	6.564101151787997	2.562050185259453	0.30652368000160113
apex-ecoli	regression_saureus25923	regression	1565	1568	0.9980867346938775													1565.0				0.0	-0.439517163330037	6.881134987363424	2.6231917557364013	0.3340315130505822
apex-kpneumoniae	regression_saureus25923	regression	1565	1568	0.9980867346938775													1565.0				0.0	-1.1742812195293992	10.393431181786296	3.2238844864210465	0.17516015073669286
apex-min	regression_saureus25923	regression	1565	1568	0.9980867346938775													1565.0				0.0	-0.06318455774844667	5.082201619203641	2.254373886293851	0.3446113789660167
apex-paeruginosa	regression_saureus25923	regression	1565	1568	0.9980867346938775													1565.0				0.0	-0.8469331380471465	8.828652105916822	2.9713047817275196	0.28805827020457125
apex-saureus	regression_saureus25923	regression	1565	1568	0.9980867346938775													1565.0				0.0	-0.9965040589099678	9.543626350656243	3.0892760237078596	0.3010779330448529
deep-amp-cnn-gramneg	regression_saureus25923	regression	1563	1568	0.9968112244897959													1563.0				0.0	0.12220349807887776	4.191100283074212	2.0472176931323673	0.5323448861309763
deep-amp-cnn-grampos	regression_saureus25923	regression	1563	1568	0.9968112244897959													1563.0				0.0	-0.5048526005799556	7.1850231192221745	2.6804893432398074	0.1735319995407419
deep-amp-lstm-gramneg	regression_saureus25923	regression	1563	1568	0.9968112244897959													1563.0				0.0	-0.5946363846602469	7.613702023787001	2.759293754529771	0.3914346790159605
deep-amp-lstm-grampos	regression_saureus25923	regression	1563	1568	0.9968112244897959													1563.0				0.0	-0.393925623550919	6.655394573415168	2.579805142528243	0.2911243414592917
mbc-attention	regression_saureus25923	regression	1563	1568	0.9968112244897959													1563.0				0.0	0.005819527340005792	4.767911090527176	2.1835546914440167	0.3633816091128799
sensexamp-ecoli	regression_saureus25923	regression	1342	1568	0.8558673469387755													1342.0				0.0	-0.2446626952447022	5.6712159400452835	2.3814314896812134	0.36724738252004435
sensexamp-saureus	regression_saureus25923	regression	1342	1568	0.8558673469387755													1342.0				0.0	-0.19139641694498732	5.428511978791876	2.3299167321584426	0.47840057226294785
