sequence,is_active
AFFARLLASVRAAVKAFAKKPRLIGLSTLL,0
AGYLLGKINLKALAALAKKIL,1
AGYLLGKINLKPLAALAKKIL,0
AGYLLPKINLKPLAKLPKKIL,0
AIVEQLRKRC,0
AKVVNKLTGKVAGLLK,0
ALCNCNRIIIPHMCWKKCGKK,0
ASVVNKLTGGVAGLLK,1
DILIIVGGKERKKRRR,0
DILIIVGGKQRKKRRR,1
EDWNHLGAAVHTLKHVYK,0
FFSLIPKLVKGLISAFK,1
FFSLIPSLVGGLISAFK,0
FIHHIIGALGHLF,0
FIKKIAKLLKKIF,1
FIKKIIGALGKLF,1
FLGGLIKIVPAMICAVTKKC,1
FLGGLIKPVPAMICAVRKKC,0
FLGGLIKRVPAMICAVRKKC,0
FLGGLMKAFPALICAVTKKC,1
FLGVVFKLASKVFPAVFKKV,1
FLGVVFKSASKVFPAVFGKV,0
FLPIEAKLLSGLL,0
FLPIIAGLAAKFLPKIFCKITKKC,1
FLPLIAGVAANFLPKIFCLISKKC,0
FLWKLIPKAIKKVKSLIKK,1
FLYIVAKLLSGLL,1
FPVTWGWWKWWKG,0
FSVTWRWWKWWKG,1
FWGALAKGALKLIPSLFSSFSKKD,1
FWGALAKGALKLIVGSLFSSFSKKD,0
GCCSHPACNVNNPHICG,0
GCKKYRRFRWKFKGKLFLFG,1
GEEEYQKMLENLREAEVKKNA,0
GFCWNVCVYRNGVRVCHRRCN,1
GFFKKAKRKVKKAFRRVL,1
GFFKKAKRKVKKAG,0
GGLKKLGKKLEGAGKRVFKASEKALPVVVGIKAIGK,1
GIKKWLHKGKKFGKKFVKKIMNS,1
GIKKWLHSAKKFGKKFVKKIMNS,1
GIKKWLHSPKKFGKKFPKKIMNS,0
GILSGLLGAGKKIVCGLSGMC,0
GIMDTIKGAAKDLAGQLLDKLKCKITKC,0
GIMDTVKNAAKDLAGQLLDKLKCRITGC,1
GIWKTIKSMGKVFAGAILQNL,1
GIWKTIKSMGKVFAGKIKQNL,0
GIWKTIKSMGKVFAGKILQNL,1
GKKYRRFWKFKGKWFWFWG,0
GKLGPLLKIAAKVGSKLL,1
GLFAIIKKIAESF,1
GLFAVIKKVASVIG,1
GLFAVIKKVASVIGG,0
GLFDIAKKIAESF,0
GLGSVFGRLARILGRVIPKV,1
GLLGPLLKIAAKVGSNLL,0
GLLRGILGAGKKIVCGLSGLC,1
GLNALKKVFQGFHEAIKLINNHVQ,0
GLNALKKVFQKIHEAIKKINNHVQ,1
GLRWIWKIWRRL,1
GNNKPVYRPQPRPPHPRL,1
GNNRPVYIPQPRPHPRL,0
GNNRPVYIPQPRPPHPRL,1
GRFKRFRKKLKRLWHKVGPFVGPILHY,1
GRFRRLRKKTRKRLKKIGKVLKWIPPIVGSIPLGCG,1
GRNGKSQSIIVGPWGDRVTN,0
GSKKPVPIIYCNRRTGKCQRF,1
GSKKPVPIIYCNRRTGKCQRM,1
GSKKPVPIIYTNRRTGKCQRM,0
GVAKKLWIAAKKPAGAGSKFKLL,0
GVGKKLWFALKKPLGLVKFFKLL,1
GVIDHLKGGAKDLAGHVATKVIKKI,0
GVLDNLKSAAKDLAGHLATKVIKKI,1
GWARRTVAKVRK,0
GWWRRTVAKVRK,1
GWWRRTVDKVRNAGRKV,0
HFLGKLVNLAKKIL,1
HFLGTKVNLAKKIL,0
HFLGTLVNLKKKIL,0
HKLGTLVNLAKKIL,1
IAKIAGKIAKIAGKIAKIAGKIA,1
IDWKKLLDAAKQIL,1
IDWKKLLDPAKQIL,0
IGKLFKRIHLRIKRFLRELVRQLR,0
IGKLFKRIVERIRRFVRSFLRTLR,1
IKRQYKRFFKLFKWFLKK,1
ILGTILGLLKGL,1
ILGTIPGLLKGL,0
ILRKPWRIWRR,0
INWLAIAAAVAGML,0
INWLKIAKKVKGML,1
KALKAALKIGAN,0
KFFKRLLKSVRRAVKKFRKKPRLIGLSTLL,1
KFWKLLKKALRLWAKVL,1
KIAGKIAKIAGKIA,0
KIAKVALKALKIAKGALKAL,1
KKAWKSKLAKKLRAKGK,0
KWKSFLKTFKSAEKTVLHTALKAISS,0
KWKSFLKTFKSAVKTVLHTALKAISS,1
LGLFKKLLRLILKGFKL,1
LGLFLLLLRLILKGFKL,0
LKKLLKLLKPLLKL,1
LKKLLKLPKKLLKL,0
LKLKSIVSWAKKVL,1
LNALKKVFQGIHEAIKKI,1
LNLKALLAVAKKIL,1
LNLKKLLAVAKKI,0
LNLKKLLKVAKKIL,1
LSAMLEDTENWLYEELSLTQDPVV,0
LVKRFKKFFRKLKKSVK,0
MAPRGFSCLLLLTSEIDLPVKRRA,0
MNILHICVTSKWFNIDNKIVDHRP,0
MRAKWRKKRMRRLKRKRRKMRQRSK,0
NDPCEEVCLQHTGNVKACEEACQ,0
NEQSGKSQTVIVGSWGAKVS,0
RFRRLRKKKRKRLKKI,0
RFRRLRWKTRWRLKKIWWPFLRR,1
RIKTVTSFDLPALRWLKL,0
RIRWILRYWRWS,1
RKEKIKKRIGKIDRL,0
RLWKIGWVLKWI,1
RRIKPRPPRLPRPRPK,1
RRIRPRPPRLPRPC,0
SKVGRHGRRFGHRAHRKL,0
SPRVAIRVARNGVAYRRAWG,0
SPRVCIRVCRNGVCYRRCWG,1
VDKGSYKPRPTPPKPIYNRN,1
VDKPPYLPRPRPPRRIYNR,0
VKRFKKFFRKLKKSV,1
VRKPPYLPRPRWPRRIYNR,1
VRRFPAAWPFLRR,0
VRRFPWAAPFLRR,0
VRRFPWWAPFLRR,1
VRRFPWWYPFLRR,1
WKSDVRRWRSRY,0
WKSYVRRWRSR,1
WLRAFRRLVRRLARGLRR,1
WWRWWRRRW,1
