variant	model	model_type	task	unit	n_labelled	mcc	f1	precision	fpr	tpr	tnr	auroc	auprc	precision_at_k	pauroc_01	pauroc_001	precision_at_k_k	n_samples	n_positive	n_negative	n_predicted_positive	errors
example-model	example-model	classifier	regression_ecoli25922	ug/ml	1959	-0.010212245686474126	0.5962171052631579	0.730110775427996	0.5153846153846153	0.5038220986796387	0.4846153846153846	0.4845986796386379	0.7323342629495379	0.74	0.49964901964645936	0.5031083680550612	100	1959	1439	520	993	0
ampeppy	ampeppy	classifier	regression_ecoli25922	ug/ml	1959	0.18249175044725666	0.8406337371854613	0.7601123595505618	0.8211538461538461	0.940236275191105	0.17884615384615385	0.646314882129684	0.8086496911278727	0.79	0.5137972557415884	0.5084955971389529	100	1959	1439	520	1780	0
amplify	amplify	classifier	regression_ecoli25922	ug/ml	1959	0.13511338813327736	0.8419128845568078	0.7494577006507592	0.8884615384615384	0.9603891591382905	0.11153846153846154	0.6202043352755653	0.792661670758194	0.83	0.5112053467179468	0.4998226642200507	100	1959	1439	520	1844	0
ampscanner	ampscanner	classifier	regression_ecoli25922	ug/ml	1959	0.1797523942849856	0.8456375838926175	0.7517899761336515	0.8702928870292888	0.9662576687116564	0.1297071129707113	0.7000121929306671	0.8380376062765889	0.85	0.53522600474939	0.5033632868856202	100	1782	1304	478	1676	0
ampredmfa	ampredmfa	classifier	regression_ecoli25922	ug/ml	1959	0.07524633295814125	0.8479670005892752	0.7360613810741689	0.9923076923076923	1.0	0.007692307692307693	0.5415693323354893	0.7593064770602199	0.75	0.5065921817821317	0.5006294042907563	100	1959	1439	520	1955	0
hydramp-amp-classifier	hydramp-amp-classifier	classifier	regression_ecoli25922	ug/ml	1959	0.20357737078982563	0.8440163023341979	0.7513192612137203	0.8471910112359551	0.9628064243448858	0.15280898876404495	0.6849895998556328	0.8262544116496198	0.85	0.5324246558154578	0.5033299266761304	100	1628	1183	445	1516	0
hydramp-mic-classifier	hydramp-mic-classifier	classifier	regression_ecoli25922	ug/ml	1959	0.5573313793946778	0.8812421317666806	0.875	0.33707865168539325	0.8875739644970414	0.6629213483146067	0.8441839923257383	0.9179666884288152	0.94	0.6431158342635394	0.5074052912944866	100	1628	1183	445	1200	0
apex-min	apex	regressor	regression_ecoli25922	ug/ml	1959	0.26394082343031977	0.8052230685527747	0.8380520951302378	0.49140893470790376	0.774869109947644	0.5085910652920962	0.6895090048757669	0.8649390177974975	0.9	0.5543573674835872	0.5072391518051567	100	1246	955	291	883	0
apex-ecoli	apex	regressor	regression_ecoli25922	ug/ml	1959	0.2683015190347229	0.42298850574712643	0.9387755102040817	0.04	0.27299703264094954	0.96	0.6489762611275964	0.8243345465981574	0.95	0.6049768337758342	0.5245763933415842	100	974	674	300	196	0
apex-saureus	apex	regressor	regression_ecoli25922	ug/ml	1959	-0.02344116921502234	0.0484027105517909	0.6410256410256411	0.03357314148681055	0.025150905432595575	0.9664268585131894	0.521360778580355	0.7057634136466379	0.71	0.4978237467211447	0.4980135928061288	100	1411	994	417	39	0
apex-kpneumoniae	apex	regressor	regression_ecoli25922	ug/ml	1959	0.051336134472139576	0.019065776930409915	1.0	0.0	0.009624639076034648	1.0	0.5198198108808033	0.7394600175071719	0.69	0.4982967574418618	0.5067416101772368	100	1427	1039	388	10	0
apex-abaumannii	apex	regressor	regression_ecoli25922	ug/ml	1959	0.27850944349330226	0.5868586858685868	0.8763440860215054	0.1488673139158576	0.44113667117726657	0.8511326860841424	0.6588585116771987	0.8233966039425926	0.89	0.5600240534597131	0.5138842171673076	100	1048	739	309	372	0
apex-paeruginosa	apex	regressor	regression_ecoli25922	ug/ml	1959	0.10246534924766076	0.05774278215223097	1.0	0.0	0.02972972972972973	1.0	0.5534369829012686	0.7106220527463931	0.79	0.5288196359624932	0.5175616083728072	100	1132	740	392	22	0
mbc-attention	mbc-attention	regressor	regression_ecoli25922	ug/ml	1959	0.575151579254017	0.9210977701543739	0.8832236842105263	0.4717607973421927	0.9623655913978495	0.5282392026578073	0.8451071101108611	0.9453892336831129	1.0	0.6445868986043504	0.5653929634598168	100	1417	1116	301	1216	0
sensexamp-classifier	sensexamp	classifier	regression_ecoli25922	ug/ml	1959	0.1612181060698248	0.8458755426917511	0.7384712571067593	0.9324324324324325	0.9898391193903472	0.06756756756756757	0.703383527473282	0.8496985330445179	0.93	0.556205231480422	0.5136870091660981	100	1625	1181	444	1583	0
sensexamp-ecoli	sensexamp	regressor	regression_ecoli25922	ug/ml	1959	0.47669868996545056	0.8911368015414258	0.8751182592242195	0.45517241379310347	0.9077526987242395	0.5448275862068965	0.8080403370444316	0.9311198974761348	0.98	0.6512541208864604	0.5303749637157396	100	1309	1019	290	1057	0
sensexamp-saureus	sensexamp	regressor	regression_ecoli25922	ug/ml	1959	0.46518626087447784	0.8188790560471977	0.8931788931788932	0.24629080118694363	0.7559912854030502	0.7537091988130564	0.768213055086855	0.8894288386347867	0.95	0.5744522668942289	0.5284228074554291	100	1255	918	337	777	0
ampredictor	ampredictor	regressor	regression_ecoli25922	ug/ml	1959	0.5623827379775054	0.9362582781456954	0.8969072164948454	0.5394190871369294	0.9792207792207792	0.4605809128630705	0.7972984138959243	0.9366211250404092	0.99	0.5744472459912512	0.5317645510518589	100	1396	1155	241	1261	0
deep-amp-lstm-gramneg	deep-amp	regressor	regression_ecoli25922	ug/ml	1959	0.26206463973863103	0.8252148997134671	0.7949526813880127	0.6175771971496437	0.857872340425532	0.3824228028503563	0.6473098499014505	0.7992293833766045	0.81	0.5130295542261931	0.49777593684295535	100	1596	1175	421	1268	0
deep-amp-lstm-grampos	deep-amp	regressor	regression_ecoli25922	ug/ml	1959	0.38207728331000657	0.845643153526971	0.8393739703459637	0.47560975609756095	0.8520066889632107	0.524390243902439	0.7298229871930826	0.8621777184418581	0.9	0.5378905294069664	0.5085960842633922	100	1606	1196	410	1214	0
deep-amp-cnn-gramneg	deep-amp	regressor	regression_ecoli25922	ug/ml	1959	0.3809310046731201	0.8871411718442784	0.8330871491875923	0.6550724637681159	0.9486963835155593	0.34492753623188405	0.735856462012896	0.8795324463817341	0.91	0.5501350736698403	0.4989697209245604	100	1534	1189	345	1354	0
deep-amp-cnn-grampos	deep-amp	regressor	regression_ecoli25922	ug/ml	1959	0.2166421908832511	0.8724035608308606	0.7889087656529516	0.8634146341463415	0.9756637168141593	0.13658536585365855	0.5929779120800058	0.7955573732776939	0.74	0.4970482541341482	0.49872573168743206	100	1766	1356	410	1677	0
example-model	example-model	classifier	regression_ecoli25922	uM	1929	0.015977034017853383	0.6469929025028016	0.8863868986693961	0.4847161572052402	0.5094117647058823	0.5152838427947598	0.492210377600822	0.8804641909499439	0.9	0.49874011383454786	0.5047319954511835	100	1929	1700	229	977	0
ampeppy	ampeppy	classifier	regression_ecoli25922	uM	1929	0.1730639637079841	0.920389461626575	0.8967633928571429	0.8078602620087336	0.9452941176470588	0.19213973799126638	0.693015669149756	0.9361310031036292	0.94	0.5468784052347668	0.5144525607745897	100	1929	1700	229	1792	0
amplify	amplify	classifier	regression_ecoli25922	uM	1929	0.10587443326287621	0.9233813966638394	0.8889493739793141	0.8908296943231441	0.9605882352941176	0.1091703056768559	0.6902350372463396	0.9390405162412929	1.0	0.5655359822623602	0.535381763686142	100	1929	1700	229	1837	0
ampscanner	ampscanner	classifier	regression_ecoli25922	uM	1929	0.10558191551321398	0.9275990099009901	0.8949253731343284	0.8934010152284264	0.9627488760436738	0.1065989847715736	0.7764622842965615	0.9604776309983447	0.97	0.6321278944534069	0.5147119963688355	100	1754	1557	197	1675	0
ampredmfa	ampredmfa	classifier	regression_ecoli25922	uM	1929	0.018502136511248275	0.9362758620689655	0.8815584415584415	0.9956331877729258	0.9982352941176471	0.004366812227074236	0.45608913434369386	0.8730644786650362	0.89	0.49884429509929773	0.49988965631601334	100	1929	1700	229	1925	0
hydramp-amp-classifier	hydramp-amp-classifier	classifier	regression_ecoli25922	uM	1929	0.22011460488891332	0.9204903677758318	0.8789297658862876	0.8227272727272728	0.9661764705882353	0.17727272727272728	0.7353091577540107	0.9365296726984533	0.99	0.5666602167182663	0.5228784295810603	100	1580	1360	220	1495	0
hydramp-mic-classifier	hydramp-mic-classifier	classifier	regression_ecoli25922	uM	1929	0.4976754493494805	0.9137210186240973	0.9457120377655389	0.31363636363636366	0.8838235294117647	0.6863636363636364	0.8630080213903742	0.9707363294999765	0.99	0.6829967632986209	0.5457904495740735	100	1580	1360	220	1271	0
apex-min	apex	regressor	regression_ecoli25922	uM	1929	0.0	0.9582806573957017	0.9199029126213593	1.0	1.0	0.0	0.682542220800796	0.9571230437682484	0.97	0.5597927149100598	0.5098624167451152	100	1236	1137	99	1236	0
apex-ecoli	apex	regressor	regression_ecoli25922	uM	1929	0.43446922834236607	0.9496644295302014	0.9775474956822107	0.34210526315789475	0.9233278955954323	0.6578947368421053	0.8441658796256547	0.9846464973148938	0.98	0.6024275508036856	0.5499520440702698	100	651	613	38	579	0
apex-saureus	apex	regressor	regression_ecoli25922	uM	1929	0.18700960063437566	0.46706586826347307	0.8478260869565217	0.14	0.32231404958677684	0.86	0.6005371900826446	0.7584452323752275	0.82	0.49347542409743367	0.4995639353793762	100	342	242	100	92	0
apex-kpneumoniae	apex	regressor	regression_ecoli25922	uM	1929	0.1802004739037496	0.33980582524271846	0.9459459459459459	0.0425531914893617	0.20710059171597633	0.9574468085106383	0.5436233161274078	0.8418999825328811	0.81	0.5763234095562462	0.5272219083583598	100	216	169	47	37	0
apex-abaumannii	apex	regressor	regression_ecoli25922	uM	1929	0.3605700000783747	0.9441829186281103	0.9564032697547684	0.5245901639344263	0.9322709163346613	0.47540983606557374	0.7782857640476346	0.9719344715756886	0.97	0.5837186199120687	0.5328568473175973	100	814	753	61	734	0
apex-paeruginosa	apex	regressor	regression_ecoli25922	uM	1929	0.5297735746376747	0.8414239482200647	0.9961685823754789	0.015384615384615385	0.7282913165266106	0.9846153846153847	0.8792501616031028	0.978166805653557	1.0	0.8538200705383368	0.811381839167828	100	422	357	65	261	0
mbc-attention	mbc-attention	regressor	regression_ecoli25922	uM	1929	0.4524271501087289	0.9672609400324149	0.9473015873015873	0.6693548387096774	0.9880794701986755	0.33064516129032256	0.829368724631489	0.9818323087096066	1.0	0.681090410281204	0.5745765786849222	100	1634	1510	124	1575	0
sensexamp-classifier	sensexamp	classifier	regression_ecoli25922	uM	1929	0.14336154372851737	0.9256198347107438	0.8704663212435233	0.9302325581395349	0.9882352941176471	0.06976744186046512	0.7285191518467853	0.9418803890434372	0.99	0.595921232630139	0.5353324849280603	100	1575	1360	215	1544	0
sensexamp-ecoli	sensexamp	regressor	regression_ecoli25922	uM	1929	0.373639027616879	0.9327390599675851	0.9411283728536386	0.5255474452554745	0.9244979919678715	0.4744525547445255	0.8292322574971418	0.9769584233999816	1.0	0.7067547948227794	0.5794850899766031	100	1382	1245	137	1223	0
sensexamp-saureus	sensexamp	regressor	regression_ecoli25922	uM	1929	0.4114001331572125	0.8753514526710403	0.9559877175025588	0.2606060606060606	0.8072601555747623	0.7393939393939394	0.7952856132631414	0.9622369278331804	1.0	0.6280183447540042	0.5671503322115936	100	1322	1157	165	977	0
ampredictor	ampredictor	regressor	regression_ecoli25922	uM	1929	0.489979065641827	0.978060413354531	0.9588528678304239	0.717391304347826	0.9980532121998702	0.2826086956521739	0.849920999915357	0.9872822353138113	1.0	0.6470092082617457	0.5672717904904144	100	1633	1541	92	1604	0
deep-amp-lstm-gramneg	deep-amp	regressor	regression_ecoli25922	uM	1929	0.17414692545874016	0.9158815612382234	0.9049202127659575	0.7688172043010753	0.9271117166212534	0.23118279569892472	0.6078345199378864	0.9101697420052257	0.9	0.5096408728598326	0.49796225568379826	100	1654	1468	186	1504	0
deep-amp-lstm-grampos	deep-amp	regressor	regression_ecoli25922	uM	1929	0.3156804678538015	0.9092708677004289	0.927946127946128	0.5376884422110553	0.8913324708926261	0.4623115577889447	0.7698973522203514	0.9563016755011117	0.97	0.5883003223374994	0.5189384746742678	100	1745	1546	199	1485	0
deep-amp-cnn-gramneg	deep-amp	regressor	regression_ecoli25922	uM	1929	0.2808938539500826	0.9502177971375233	0.9248940036341611	0.7848101265822784	0.9769673704414588	0.21518987341772153	0.7660252516663022	0.9653548863778816	0.98	0.5983057573475222	0.5109987932161435	100	1721	1563	158	1651	0
deep-amp-cnn-grampos	deep-amp	regressor	regression_ecoli25922	uM	1929	0.10592078181572077	0.9368179207352096	0.8951701427003294	0.9317073170731708	0.9825301204819277	0.06829268292682927	0.6465971201880694	0.9372092223619997	1.0	0.5741528372797996	0.5526191049281081	100	1865	1660	205	1822	0
example-model	example-model	classifier	regression_saureus25923	ug/ml	1247	0.00973104626212769	0.5918503674014696	0.6900311526479751	0.5076530612244898	0.5181286549707602	0.4923469387755102	0.49481590881966825	0.6911678975156051	0.7	0.5032757331926307	0.5039045328084509	100	1247	855	392	642	0
ampeppy	ampeppy	classifier	regression_saureus25923	ug/ml	1247	0.21858127566509614	0.8208955223880597	0.7142857142857143	0.8418367346938775	0.9649122807017544	0.15816326530612246	0.620139634801289	0.7421128435722466	0.68	0.5021168208742407	0.500816410492611	100	1247	855	392	1155	0
amplify	amplify	classifier	regression_saureus25923	ug/ml	1247	0.20708402872904047	0.8223201174743024	0.7070707070707071	0.8877551020408163	0.9824561403508771	0.11224489795918367	0.6534908700322234	0.7633600416976921	0.76	0.5091189753833204	0.502042375620794	100	1247	855	392	1188	0
ampscanner	ampscanner	classifier	regression_saureus25923	ug/ml	1247	0.19060562192256872	0.8	0.6812313803376365	0.8699186991869918	0.9689265536723164	0.13008130081300814	0.6854071930549814	0.7807575470346608	0.83	0.5409674650329053	0.5039114665106794	100	1077	708	369	1007	0
ampredmfa	ampredmfa	classifier	regression_saureus25923	ug/ml	1247	0.07252545482254948	0.81467365412101	0.6872990353697749	0.9923469387755102	1.0	0.007653061224489796	0.60031179138322	0.7313694617931926	0.68	0.4987428084380993	0.4998799666347934	100	1247	855	392	1244	0
hydramp-amp-classifier	hydramp-amp-classifier	classifier	regression_saureus25923	ug/ml	1247	0.18657781128819714	0.838160136286201	0.738	0.8733333333333333	0.9697766097240473	0.12666666666666668	0.7490976784932106	0.8650478915102053	0.92	0.5771607072872721	0.5028801475621647	100	1061	761	300	1000	0
hydramp-mic-classifier	hydramp-mic-classifier	classifier	regression_saureus25923	ug/ml	1247	0.3828143139030143	0.8436911487758946	0.8076923076923077	0.5333333333333333	0.8830486202365309	0.4666666666666667	0.7506176084099869	0.8481293536557339	0.85	0.5460958572515389	0.5014494284827554	100	1061	761	300	832	0
apex-min	apex	regressor	regression_saureus25923	ug/ml	1247	0.3531655139623997	0.8247588424437299	0.8181818181818182	0.4830508474576271	0.8314424635332253	0.5169491525423728	0.75002747026344	0.8765832028742712	0.95	0.5874978493675334	0.5183317074342402	100	853	617	236	627	0
apex-ecoli	apex	regressor	regression_saureus25923	ug/ml	1247	0.37489646708512603	0.5574387947269304	0.9192546583850931	0.05726872246696035	0.4	0.9427312775330396	0.719728539111799	0.8294024475979891	0.97	0.6574341556952269	0.5673928638310016	100	597	370	227	161	0
apex-saureus	apex	regressor	regression_saureus25923	ug/ml	1247	0.1830353668701539	0.1510791366906475	1.0	0.0	0.08171206225680934	1.0	0.6394253582613647	0.7481561242373509	0.84	0.5607208683186565	0.5438066292361494	100	842	514	328	42	0
apex-kpneumoniae	apex	regressor	regression_saureus25923	ug/ml	1247	0.09487090927958734	0.04861111111111111	1.0	0.0	0.02491103202846975	1.0	0.56277694868557	0.6864290962872737	0.67	0.5040148874079355	0.5112169733987352	100	872	562	310	14	0
apex-abaumannii	apex	regressor	regression_saureus25923	ug/ml	1247	0.3612721524286133	0.6461086637298091	0.8695652173913043	0.14473684210526316	0.514018691588785	0.8552631578947368	0.7300274635186096	0.8277142314149923	0.89	0.5794176784805102	0.5196304526403126	100	656	428	228	253	0
apex-paeruginosa	apex	regressor	regression_saureus25923	ug/ml	1247	0.10206887303782033	0.07673860911270983	0.8888888888888888	0.006993006993006993	0.040100250626566414	0.993006993006993	0.6006975480659691	0.685730392832858	0.78	0.5459849476469975	0.5155069738513272	100	685	399	286	18	0
mbc-attention	mbc-attention	regressor	regression_saureus25923	ug/ml	1247	0.47196245660041436	0.8778735632183908	0.8103448275862069	0.5860655737704918	0.957680250783699	0.4139344262295082	0.7199689089881288	0.8370802843411171	0.84	0.5288068570624876	0.5130465008117828	100	882	638	244	754	0
sensexamp-classifier	sensexamp	classifier	regression_saureus25923	ug/ml	1247	0.20894296896457745	0.8438724118634583	0.7334630350194552	0.9163879598662207	0.9934123847167325	0.08361204013377926	0.6509577379142595	0.8047430511097843	0.84	0.5272780149906804	0.5104897319182355	100	1058	759	299	1028	0
sensexamp-ecoli	sensexamp	regressor	regression_saureus25923	ug/ml	1247	0.36749640508046616	0.8671428571428571	0.8202702702702702	0.6100917431192661	0.9196969696969697	0.38990825688073394	0.7045802057269946	0.8571785358080007	0.89	0.539835828102366	0.5206711902576547	100	878	660	218	740	0
sensexamp-saureus	sensexamp	regressor	regression_saureus25923	ug/ml	1247	0.5648602349825407	0.8662092624356775	0.9066427289048474	0.23008849557522124	0.8292282430213465	0.7699115044247787	0.8145298400104626	0.9025555023247529	0.9	0.5738507085535015	0.530347145290952	100	835	609	226	557	0
ampredictor	ampredictor	regressor	regression_saureus25923	ug/ml	1247	0.328273548165634	0.8810810810810811	0.800982800982801	0.7864077669902912	0.978978978978979	0.21359223300970873	0.5949371701798887	0.7835537200639292	0.75	0.4946760761783756	0.49865218685045976	100	872	666	206	814	0
deep-amp-lstm-gramneg	deep-amp	regressor	regression_saureus25923	ug/ml	1247	0.42834879601550396	0.8518518518518519	0.7958477508650519	0.5462962962962963	0.9163346613545816	0.4537037037037037	0.7160534815470627	0.8255988101839236	0.87	0.5482268457036054	0.5045481370421698	100	1077	753	324	867	0
deep-amp-lstm-grampos	deep-amp	regressor	regression_saureus25923	ug/ml	1247	0.29210930902121834	0.803788903924222	0.7774869109947644	0.5555555555555556	0.8319327731092437	0.4444444444444444	0.685725270500357	0.8053243326127444	0.81	0.5251488968480409	0.5020230314347961	100	1020	714	306	764	0
deep-amp-cnn-gramneg	deep-amp	regressor	regression_saureus25923	ug/ml	1247	0.4450201226616408	0.89618138424821	0.8372352285395763	0.6293103448275862	0.9640564826700898	0.3706896551724138	0.8154408835376921	0.9260606140487165	0.98	0.6123980439345897	0.5398843627192668	100	1011	779	232	897	0
deep-amp-cnn-grampos	deep-amp	regressor	regression_saureus25923	ug/ml	1247	0.20817603816835584	0.8371843095110156	0.7349056603773585	0.8646153846153846	0.9725343320848939	0.13538461538461538	0.5872428694900605	0.7494522011854985	0.74	0.5040511102013172	0.5013480926190542	100	1126	801	325	1060	0
example-model	example-model	classifier	regression_saureus25923	uM	1174	0.031822045616447026	0.6368857689853222	0.8414839797639123	0.47	0.5123203285420944	0.53	0.49381160164271054	0.8311913047151182	0.8	0.5008240570625743	0.5062581903356619	100	1174	974	200	593	0
ampeppy	ampeppy	classifier	regression_saureus25923	uM	1174	0.18678196477391368	0.9022051773729626	0.8462230215827338	0.855	0.9661190965092402	0.145	0.665490246406571	0.8949641090139585	0.92	0.5343672322490003	0.5156738518052274	100	1174	974	200	1112	0
amplify	amplify	classifier	regression_saureus25923	uM	1174	0.14828680910072634	0.9036544850498339	0.8402471315092674	0.905	0.9774127310061602	0.095	0.6933726899383983	0.8984845479557698	0.92	0.5252485680319896	0.5115464385582945	100	1174	974	200	1133	0
ampscanner	ampscanner	classifier	regression_saureus25923	uM	1174	0.18014201865097035	0.8956228956228957	0.8338557993730408	0.8641304347826086	0.9672727272727273	0.1358695652173913	0.7301152832674571	0.912439790328426	0.91	0.5763669648429374	0.5072940459875134	100	1009	825	184	957	0
ampredmfa	ampredmfa	classifier	regression_saureus25923	uM	1174	0.03622160420747562	0.9068033550792172	0.8302047781569966	0.995	0.9989733059548255	0.005	0.5204953798767967	0.8323918410825583	0.8	0.4946060459947848	0.4994849993663362	100	1174	974	200	1172	0
hydramp-amp-classifier	hydramp-amp-classifier	classifier	regression_saureus25923	uM	1174	0.17377702815347346	0.9014859658778206	0.84346035015448	0.8685714285714285	0.9680851063829787	0.13142857142857142	0.7603208375548801	0.9284226485430366	0.95	0.5823246058408432	0.5121037473758526	100	1021	846	175	971	0
hydramp-mic-classifier	hydramp-mic-classifier	classifier	regression_saureus25923	uM	1174	0.3367958073458959	0.8813357185450209	0.8892900120336944	0.5257142857142857	0.8735224586288416	0.4742857142857143	0.7542857142857143	0.919729251083008	0.92	0.5605147620825113	0.5077549177837856	100	1021	846	175	831	0
apex-min	apex	regressor	regression_saureus25923	uM	1174	0.0	0.9404682274247491	0.8876262626262627	1.0	1.0	0.0	0.6714721818210878	0.9380319857020649	0.96	0.5527321027647836	0.5096392345797265	100	792	703	89	792	0
apex-ecoli	apex	regressor	regression_saureus25923	uM	1174	0.4405757887914833	0.946047678795483	0.9496221662468514	0.4878048780487805	0.9425	0.5121951219512195	0.7962195121951219	0.9680382682807355	0.99	0.6019576379974326	0.5276381909547738	100	441	400	41	397	0
apex-saureus	apex	regressor	regression_saureus25923	uM	1174	0.543305367994433	0.7397260273972602	0.9759036144578314	0.029411764705882353	0.5955882352941176	0.9705882352941176	0.8401816608996541	0.9236986264793551	0.88	0.7692815516299398	0.7007094295004435	100	204	136	68	83	0
apex-kpneumoniae	apex	regressor	regression_saureus25923	uM	1174	0.2537309407429876	0.4533333333333333	0.9444444444444444	0.05128205128205128	0.2982456140350877	0.9487179487179487	0.567476383265857	0.8439274412712439	0.72	0.6355091507446078	0.616503570483999	100	153	114	39	36	0
apex-abaumannii	apex	regressor	regression_saureus25923	uM	1174	0.28753682419908116	0.9418221734357849	0.9428571428571428	0.65	0.9407894736842105	0.35	0.7521929824561402	0.967977629486251	0.99	0.5850646352723915	0.5349554791501366	100	496	456	40	455	0
apex-paeruginosa	apex	regressor	regression_saureus25923	uM	1174	0.5716250843819561	0.8469055374592834	0.9923664122137404	0.024390243902439025	0.7386363636363636	0.975609756097561	0.8909368070953436	0.9744724538007183	0.99	0.8399754930563661	0.768730013704888	100	217	176	41	131	0
mbc-attention	mbc-attention	regressor	regression_saureus25923	uM	1174	0.3575172231823566	0.9368770764119602	0.8886554621848739	0.7969924812030075	0.990632318501171	0.20300751879699247	0.6631508513672941	0.9100496526554016	0.92	0.5238589509642465	0.5063049218022284	100	987	854	133	952	0
sensexamp-classifier	sensexamp	classifier	regression_saureus25923	uM	1174	0.2154160648937345	0.912452419793366	0.8449144008056395	0.9058823529411765	0.991725768321513	0.09411764705882353	0.6183945209289389	0.8749784352581569	0.88	0.5160068506685989	0.5066767574487652	100	1016	846	170	993	0
sensexamp-ecoli	sensexamp	regressor	regression_saureus25923	uM	1174	0.2506273222942416	0.9086357947434293	0.8907975460122699	0.7063492063492064	0.9272030651340997	0.29365079365079366	0.7146708832532588	0.9291910700046032	0.94	0.5416595981225947	0.5282214962994338	100	909	783	126	815	0
sensexamp-saureus	sensexamp	regressor	regression_saureus25923	uM	1174	0.486354431890277	0.9017921146953405	0.9501510574018127	0.275	0.8581173260572987	0.725	0.8125170532060026	0.9566559850224201	0.97	0.6053229937052728	0.547761545334677	100	853	733	120	662	0
ampredictor	ampredictor	regressor	regression_saureus25923	uM	1174	0.15212236015640776	0.9370037056643726	0.8832335329341318	0.9590163934426229	0.9977452085682075	0.040983606557377046	0.6567542092520376	0.906070252488702	0.87	0.4926330185898702	0.4999021573946209	100	1009	887	122	1002	0
deep-amp-lstm-gramneg	deep-amp	regressor	regression_saureus25923	uM	1174	0.3202991269398975	0.9149972929074174	0.8829676071055381	0.6956521739130435	0.949438202247191	0.30434782608695654	0.6276955823853723	0.8869104042206071	0.9	0.51775751053256	0.50611105636354	100	1051	890	161	957	0
deep-amp-lstm-grampos	deep-amp	regressor	regression_saureus25923	uM	1174	0.27183316223904525	0.8822869955156951	0.8812989921612542	0.6127167630057804	0.8832772166105499	0.3872832369942196	0.693200469693726	0.8968280958783297	0.86	0.5087200299653398	0.5074631638956152	100	1064	891	173	893	0
deep-amp-cnn-gramneg	deep-amp	regressor	regression_saureus25923	uM	1174	0.22512183283331255	0.9333333333333333	0.8981390793339863	0.8253968253968254	0.9713983050847458	0.1746031746031746	0.8309204331450093	0.9698199180986595	1.0	0.6455209351061268	0.5548092899255492	100	1070	944	126	1021	0
deep-amp-cnn-grampos	deep-amp	regressor	regression_saureus25923	uM	1174	0.13745410944411435	0.9128305582761999	0.8526989935956084	0.92	0.982086406743941	0.08	0.5721752220382358	0.8672187822385427	0.89	0.5118248730361203	0.5073213425247568	100	1124	949	175	1093	0
