variant	model	task	unit	r2_log2	msl2e	rmsl2e	spearman	n_samples	errors
apex-min	apex	regression_ecoli25922	ug/ml	-0.3405358817708031	5.262005049748847	2.2939060682052452	0.23456623449093042	2525	0
apex-min	apex	regression_ecoli25922	uM	-0.1337614165475065	4.553338110745532	2.133855222536321	0.28797812500887865	2525	0
apex-ecoli	apex	regression_ecoli25922	ug/ml	-0.909317600703742	7.494643741431155	2.737634698317355	0.24751890845224472	2525	0
apex-ecoli	apex	regression_ecoli25922	uM	-0.6266084304506521	6.532677906948849	2.555910387112359	0.3791720611504648	2525	0
apex-saureus	apex	regression_ecoli25922	ug/ml	-1.7557917046361324	10.817308259362658	3.2889676586069765	0.07577365891883181	2525	0
apex-saureus	apex	regression_ecoli25922	uM	-1.3967800205877223	9.625790445443553	3.1025458007003786	0.32318983765387244	2525	0
apex-kpneumoniae	apex	regression_ecoli25922	ug/ml	-1.831684557877593	11.115210450886908	3.333948177594683	0.03578543307905707	2525	0
apex-kpneumoniae	apex	regression_ecoli25922	uM	-1.4653482682132668	9.901169736486262	3.1466124223498295	0.30549968308889086	2525	0
apex-abaumannii	apex	regression_ecoli25922	ug/ml	-0.730391708327712	6.792305995745611	2.6062052865700376	0.2593944242583492	2525	0
apex-abaumannii	apex	regression_ecoli25922	uM	-0.47428535899174395	5.920927995286019	2.4332957065030176	0.3763530781096806	2525	0
apex-paeruginosa	apex	regression_ecoli25922	ug/ml	-1.346662211924734	9.21135239803597	3.0350209880717416	0.2318977567608567	2525	0
apex-paeruginosa	apex	regression_ecoli25922	uM	-1.028058087064644	8.144953641796633	2.853936516777595	0.45114723077798774	2525	0
mbc-attention	mbc-attention	regression_ecoli25922	ug/ml	0.23253380698263237	3.0168054375474638	1.7368953444429125	0.5319452933013339	2527	0
mbc-attention	mbc-attention	regression_ecoli25922	uM	0.3237989816325816	2.714382135115912	1.6475382044480522	0.5981320287537188	2527	0
sensexamp-ecoli	sensexamp	regression_ecoli25922	ug/ml	-0.1413358106749114	4.468317516486426	2.113839520040825	0.48290415561782496	2111	0
sensexamp-ecoli	sensexamp	regression_ecoli25922	uM	-0.03540156187692656	4.0505748950519305	2.012604008505382	0.5316837737174279	2111	0
sensexamp-saureus	sensexamp	regression_ecoli25922	ug/ml	-0.6376821364197691	6.411508083912803	2.5320955913852865	0.3843999728881727	2111	0
sensexamp-saureus	sensexamp	regression_ecoli25922	uM	-0.4917482651644154	5.835840214166577	2.4157483755901765	0.4303484425254801	2111	0
ampredictor	ampredictor	regression_ecoli25922	ug/ml	0.22539904561832746	3.0467770925732114	1.7455019600599742	0.5172357484866066	2531	0
ampredictor	ampredictor	regression_ecoli25922	uM	0.3505348372170265	2.610007245245999	1.6155516844861384	0.6051174978008664	2531	0
deep-amp-lstm-gramneg	deep-amp	regression_ecoli25922	ug/ml	-1.1480715759625828	8.428768069258616	2.9032340706974726	0.193901211089959	2521	0
deep-amp-lstm-gramneg	deep-amp	regression_ecoli25922	uM	-0.8560376048617495	7.449413785737007	2.729361424534502	0.20049408322600615	2521	0
deep-amp-lstm-grampos	deep-amp	regression_ecoli25922	ug/ml	-0.4714859279805661	5.773929389931103	2.402900203905918	0.3070521846194473	2521	0
deep-amp-lstm-grampos	deep-amp	regression_ecoli25922	uM	-0.30212055820263695	5.226205983950856	2.286089671021427	0.40075237780131223	2521	0
deep-amp-cnn-gramneg	deep-amp	regression_ecoli25922	ug/ml	-0.12330458835845515	4.407708733897592	2.0994543895730606	0.32456155111641594	2521	0
deep-amp-cnn-gramneg	deep-amp	regression_ecoli25922	uM	0.023271747103557616	3.920207701065168	1.9799514390674253	0.4043547072460599	2521	0
deep-amp-cnn-grampos	deep-amp	regression_ecoli25922	ug/ml	-0.48367369899435797	5.821752700991142	2.412830847985648	0.2091818319087623	2521	0
deep-amp-cnn-grampos	deep-amp	regression_ecoli25922	uM	-0.3328315645885007	5.349468030875682	2.3128917032311915	0.3211466434334865	2521	0
apex-min	apex	regression_saureus25923	ug/ml	-0.06318455774844667	5.082201619203641	2.254373886293851	0.3446113789660167	1565	0
apex-min	apex	regression_saureus25923	uM	-0.0175594349316055	4.4722542260576565	2.11477049016144	0.32107788340400856	1565	0
apex-ecoli	apex	regression_saureus25923	ug/ml	-0.439517163330037	6.881134987363424	2.6231917557364013	0.3340315130505822	1565	0
apex-ecoli	apex	regression_saureus25923	uM	-0.38221043971003144	6.07492424332903	2.464736140711421	0.35072998489202317	1565	0
apex-saureus	apex	regression_saureus25923	ug/ml	-0.9965040589099678	9.543626350656243	3.0892760237078596	0.3010779330448529	1565	0
apex-saureus	apex	regression_saureus25923	uM	-0.9519899160216168	8.579150122799826	2.929018627936638	0.37236973813645524	1565	0
apex-kpneumoniae	apex	regression_saureus25923	ug/ml	-1.1742812195293992	10.393431181786296	3.2238844864210465	0.17516015073669286	1565	0
apex-kpneumoniae	apex	regression_saureus25923	uM	-1.1356709469793738	9.386442786743991	3.0637302078910262	0.22388049359739703	1565	0
apex-abaumannii	apex	regression_saureus25923	ug/ml	-0.3731944348113736	6.564101151787997	2.562050185259453	0.30652368000160113	1565	0
apex-abaumannii	apex	regression_saureus25923	uM	-0.3227022058263549	5.813380847105312	2.411095362507529	0.32560494234952053	1565	0
apex-paeruginosa	apex	regression_saureus25923	ug/ml	-0.8469331380471465	8.828652105916822	2.9713047817275196	0.28805827020457125	1565	0
apex-paeruginosa	apex	regression_saureus25923	uM	-0.8019128886105054	7.919549713199548	2.814169453533235	0.33482685942925683	1565	0
mbc-attention	mbc-attention	regression_saureus25923	ug/ml	0.005819527340005792	4.767911090527176	2.1835546914440167	0.3633816091128799	1563	0
mbc-attention	mbc-attention	regression_saureus25923	uM	0.033818877435382144	4.234175529325631	2.0577112356513076	0.39129042462021824	1563	0
sensexamp-ecoli	sensexamp	regression_saureus25923	ug/ml	-0.2446626952447022	5.6712159400452835	2.3814314896812134	0.36724738252004435	1342	0
sensexamp-ecoli	sensexamp	regression_saureus25923	uM	-0.1872505963585982	5.1583578703894775	2.2712018559321137	0.3976488310798016	1342	0
sensexamp-saureus	sensexamp	regression_saureus25923	ug/ml	-0.19139641694498732	5.428511978791876	2.3299167321584426	0.47840057226294785	1342	0
sensexamp-saureus	sensexamp	regression_saureus25923	uM	-0.1441175290113521	4.970953628936898	2.22956355122183	0.4906589102299655	1342	0
ampredictor	ampredictor	regression_saureus25923	ug/ml	-0.02402061718927495	4.910885991811207	2.2160518928516106	0.32237458764598464	1568	0
ampredictor	ampredictor	regression_saureus25923	uM	0.016286424204245753	4.321309939394784	2.078776067640472	0.3644093691209073	1568	0
deep-amp-lstm-gramneg	deep-amp	regression_saureus25923	ug/ml	-0.5946363846602469	7.613702023787001	2.759293754529771	0.3914346790159605	1563	0
deep-amp-lstm-gramneg	deep-amp	regression_saureus25923	uM	-0.5477979712039445	6.7991197383433235	2.607512174150549	0.3611373124924538	1563	0
deep-amp-lstm-grampos	deep-amp	regression_saureus25923	ug/ml	-0.393925623550919	6.655394573415168	2.579805142528243	0.2911243414592917	1563	0
deep-amp-lstm-grampos	deep-amp	regression_saureus25923	uM	-0.3775132810496924	6.0510983431060135	2.4598980351034907	0.3044104454506993	1563	0
deep-amp-cnn-gramneg	deep-amp	regression_saureus25923	ug/ml	0.12220349807887776	4.191100283074212	2.0472176931323673	0.5323448861309763	1563	0
deep-amp-cnn-gramneg	deep-amp	regression_saureus25923	uM	0.1396895582609059	3.779145479161765	1.9440024380544807	0.5462504412584261	1563	0
deep-amp-cnn-grampos	deep-amp	regression_saureus25923	ug/ml	-0.5048526005799556	7.1850231192221745	2.6804893432398074	0.1735319995407419	1563	0
deep-amp-cnn-grampos	deep-amp	regression_saureus25923	uM	-0.4925334965257233	6.556355638890736	2.560538154156414	0.11824134180875293	1563	0
