sequence	label
LFIFFF	AMP
RWRWRWRW	AMP
FHFHLHF	AMP
RWRWRWF	AMP
FFIFFF	AMP
LFFFFF	AMP
FFFFF	AMP
FFFFFF	AMP
FFFFFFF	AMP
FFFFFFFF	AMP
FWRIRKWR	AMP
FWRIRIRR	AMP
VLNENLLA	AMP
KIRVRLSA	AMP
KIWVIRWR	AMP
RIWVIRWR	AMP
RIWVIWRR	AMP
RRWVIWRR	AMP
GLLKRIKT	AMP
GLLKRIK	AMP
GLLKR	AMP
LKRIKTLL	AMP
FFFLSRIF	AMP
APRKNLKW	AMP
APRKQLKW	AMP
APRRQLKW	AMP
APKKQLKW	AMP
AFRKQLKW	AMP
LFRKQLKW	AMP
WFRKQLKW	AMP
LLSHSL	AMP
PY	AMP
LP	AMP
RRWWRWWR	AMP
WRRFWHR	AMP
WP	AMP
VLNENAAR	AMP
VLNANLLR	AMP
VLNEALLR	AMP
VLNENLLH	AMP
FWRRFWRR	AMP
DEDDD	AMP
RHWRRFWH	AMP
IRIKIRIK	AMP
IRIRIRIR	AMP
FRFKFRFK	AMP
WRWKWRWK	AMP
FRIRVRV	AMP
DEDLDE	AMP
KRWRWRW	AMP
KLLLLLK	AMP
KLKLLLLL	AMP
WRRWIRWL	AMP
KWRRWIRW	AMP
WLWWLRWL	AMP
LWWLRWL	AMP
WWLWWLRW	AMP
WWLWWLR	AMP
PFKLSLHL	AMP
RWWWRR	AMP
HWRRFWHR	AMP
RWRRFWRR	AMP
WRRFWRR	AMP
KWYKKWYK	AMP
RWYRRWYR	AMP
FWRIWRWR	AMP
FWRWRIWR	AMP
RWWWLL	AMP
RWWKWW	AMP
RWWKWWK	AMP
WRWWKWW	AMP
WRWWKWWK	AMP
WWRWWKWW	AMP
WRWYCR	AMP
WNWSKSF	AMP
VDLKNLLK	AMP
VNLKNLLR	AMP
WRIWRI	AMP
WRLWRL	AMP
WRFWRF	AMP
WRWWRW	AMP
KLFKKLFK	AMP
GRWWWRG	AMP
IRWWWRI	AMP
LRWWWRL	AMP
FRWWWRF	AMP
WRWWWRW	AMP
RRWWR	AMP
WRWWR	AMP
LKWLLKLL	AMP
PFKLKLHL	AMP
PFKLSLKL	AMP
PFKLKLKL	AMP
PFRLSLHL	AMP
PFRLRLHL	AMP
PFRLSLRL	AMP
PFRLRLRL	AMP
PWKLSLHL	AMP
PWKLKLHL	AMP
PWKLSLKL	AMP
PWKLKLKL	AMP
PWRLSLHL	AMP
PWRLRLHL	AMP
PWRLSLRL	AMP
PWRLRLRL	AMP
VRLLRRRI	AMP
FFWRRVK	AMP
WRT	AMP
WRWRWRWR	AMP
KLRWYFKL	AMP
WSWSKSF	AMP
WNWTKRF	AMP
FWRRRWF	AMP
WWRRRWW	AMP
LLLLLW	AMP
RRWWW	AMP
RRRWWWW	AMP
WWWRRR	AMP
WWWKKK	AMP
KRWWQRWK	AMP
KRWWQWWK	AMP
RRWWRWWL	AMP
RRRRKWWW	AMP
WWWWKRRR	AMP
F	non-AMP
FFF	non-AMP
FFFF	non-AMP
GLFDVIK	non-AMP
IKKVASV	non-AMP
APRKNVRF	non-AMP
KKFWEDDG	non-AMP
EEEEWWWW	non-AMP
RRIRPRPR	non-AMP
IIRKIIRK	non-AMP
VRVKVRVK	non-AMP
RKKTRKR	non-AMP
GMRPPWF	non-AMP
WFKIIKK	non-AMP
LYKAIRRK	non-AMP
KLKLKL	non-AMP
FWRIRKVR	non-AMP
KKWQWK	non-AMP
LAPVHNPI	non-AMP
RPNLHPS	non-AMP
DMLVVDPK	non-AMP
KLFK	non-AMP
VNVLDKIR	non-AMP
FVNVLDKI	non-AMP
LKKLCRI	non-AMP
GVIIKTL	non-AMP
IWRRRWI	non-AMP
LWRRRWL	non-AMP
VWRRRWV	non-AMP
AWRRRWA	non-AMP
LIGGLINR	non-AMP
LISGLIKK	non-AMP
AIGGLIRK	non-AMP
VPFGLKPR	non-AMP
WALRWKTR	non-AMP
VMLPKFKR	non-AMP
FPFPFGRR	non-AMP
KCCKKP	non-AMP
GVIFNALK	non-AMP
PRPRPPR	non-AMP
WKSKLAKK	non-AMP
WIKSTAKK	non-AMP
VRCRFACC	non-AMP
CLPSILC	non-AMP
