sequence	label	pair_id
FLGVVFKLASKVFPAVFKKV	AMP	0
FLGVVFKSASKVFPAVFGKV	non-AMP	0
RRIKPRPPRLPRPRPK	AMP	1
RRIRPRPPRLPRPC	non-AMP	1
KWKSFLKTFKSAVKTVLHTALKAISS	AMP	2
KWKSFLKTFKSAEKTVLHTALKAISS	non-AMP	2
IAKIAGKIAKIAGKIAKIAGKIA	AMP	3
KIAGKIAKIAGKIA	non-AMP	3
LKKLLKLLKPLLKL	AMP	4
LKKLLKLPKKLLKL	non-AMP	4
GRFRRLRKKTRKRLKKIGKVLKWIPPIVGSIPLGCG	AMP	5
RFRRLRKKKRKRLKKI	non-AMP	5
FLYIVAKLLSGLL	AMP	6
FLPIEAKLLSGLL	non-AMP	6
GSKKPVPIIYCNRRTGKCQRF	AMP	7
GSKKPVPIIYTNRRTGKCQRM	non-AMP	7
LNALKKVFQGIHEAIKKI	AMP	8
GLNALKKVFQGFHEAIKLINNHVQ	non-AMP	8
GLFAVIKKVASVIG	AMP	9
GLFAVIKKVASVIGG	non-AMP	9
HKLGTLVNLAKKIL	AMP	10
HFLGTLVNLKKKIL	non-AMP	10
VRRFPWWAPFLRR	AMP	11
VRRFPWAAPFLRR	non-AMP	11
GWWRRTVAKVRK	AMP	12
GWARRTVAKVRK	non-AMP	12
LNLKALLAVAKKIL	AMP	13
LNLKKLLAVAKKI	non-AMP	13
GIWKTIKSMGKVFAGAILQNL	AMP	14
GIWKTIKSMGKVFAGKIKQNL	non-AMP	14
FIKKIIGALGKLF	AMP	15
FIHHIIGALGHLF	non-AMP	15
GSKKPVPIIYCNRRTGKCQRM	AMP	16
GSKKPVPIIYTNRRTGKCQRM	non-AMP	16
VRKPPYLPRPRWPRRIYNR	AMP	17
VDKPPYLPRPRPPRRIYNR	non-AMP	17
GIKKWLHSAKKFGKKFVKKIMNS	AMP	18
GIKKWLHSPKKFGKKFPKKIMNS	non-AMP	18
FSVTWRWWKWWKG	AMP	19
FPVTWGWWKWWKG	non-AMP	19
IGKLFKRIVERIRRFVRSFLRTLR	AMP	20
IGKLFKRIHLRIKRFLRELVRQLR	non-AMP	20
GLRWIWKIWRRL	AMP	21
ILRKPWRIWRR	non-AMP	21
GVLDNLKSAAKDLAGHLATKVIKKI	AMP	22
GVIDHLKGGAKDLAGHVATKVIKKI	non-AMP	22
GVGKKLWFALKKPLGLVKFFKLL	AMP	23
GVAKKLWIAAKKPAGAGSKFKLL	non-AMP	23
VRRFPWWYPFLRR	AMP	24
VRRFPAAWPFLRR	non-AMP	24
HFLGKLVNLAKKIL	AMP	25
HFLGTKVNLAKKIL	non-AMP	25
WKSYVRRWRSR	AMP	26
WKSDVRRWRSRY	non-AMP	26
GKLGPLLKIAAKVGSKLL	AMP	27
GLLGPLLKIAAKVGSNLL	non-AMP	27
GLLRGILGAGKKIVCGLSGLC	AMP	28
GILSGLLGAGKKIVCGLSGMC	non-AMP	28
DILIIVGGKQRKKRRR	AMP	29
DILIIVGGKERKKRRR	non-AMP	29
AGYLLGKINLKALAALAKKIL	AMP	30
AGYLLGKINLKPLAALAKKIL	non-AMP	30
IDWKKLLDAAKQIL	AMP	31
IDWKKLLDPAKQIL	non-AMP	31
GNNRPVYIPQPRPPHPRL	AMP	32
GNNRPVYIPQPRPHPRL	non-AMP	32
GIKKWLHKGKKFGKKFVKKIMNS	AMP	33
GIKKWLHSPKKFGKKFPKKIMNS	non-AMP	33
ASVVNKLTGGVAGLLK	AMP	34
AKVVNKLTGKVAGLLK	non-AMP	34
LGLFKKLLRLILKGFKL	AMP	35
LGLFLLLLRLILKGFKL	non-AMP	35
GFFKKAKRKVKKAFRRVL	AMP	36
GFFKKAKRKVKKAG	non-AMP	36
GCKKYRRFRWKFKGKLFLFG	AMP	37
GKKYRRFWKFKGKWFWFWG	non-AMP	37
GLFAIIKKIAESF	AMP	38
GLFDIAKKIAESF	non-AMP	38
VKRFKKFFRKLKKSV	AMP	39
LVKRFKKFFRKLKKSVK	non-AMP	39
FLGGLIKIVPAMICAVTKKC	AMP	40
FLGGLIKPVPAMICAVRKKC	non-AMP	40
LNLKKLLKVAKKIL	AMP	41
LNLKKLLAVAKKI	non-AMP	41
FLGGLMKAFPALICAVTKKC	AMP	42
FLGGLIKRVPAMICAVRKKC	non-AMP	42
GIMDTVKNAAKDLAGQLLDKLKCRITGC	AMP	43
GIMDTIKGAAKDLAGQLLDKLKCKITKC	non-AMP	43
ILGTILGLLKGL	AMP	44
ILGTIPGLLKGL	non-AMP	44
FFSLIPKLVKGLISAFK	AMP	45
FFSLIPSLVGGLISAFK	non-AMP	45
KFFKRLLKSVRRAVKKFRKKPRLIGLSTLL	AMP	46
AFFARLLASVRAAVKAFAKKPRLIGLSTLL	non-AMP	46
SPRVCIRVCRNGVCYRRCWG	AMP	47
SPRVAIRVARNGVAYRRAWG	non-AMP	47
FLPIIAGLAAKFLPKIFCKITKKC	AMP	48
FLPLIAGVAANFLPKIFCLISKKC	non-AMP	48
FWGALAKGALKLIPSLFSSFSKKD	AMP	49
FWGALAKGALKLIVGSLFSSFSKKD	non-AMP	49
